family,model_id,query,response,response_length,linguistic_confidence,hedge_count,confidence_marker_count,tensor_entropy,tensor_entropy_std,tensor_entropy_max,tensor_logprob,tensor_top1,tensor_top5
OLMo,allenai/olmo-3-7b-instruct,Summarize Dr. Yuki Tanaka's 2023 paper on Recursive Self-Modeling.,"I'm sorry, but I don't have access to Dr. Yuki Tanaka's 2023 paper on ""Recursive Self-Modeling,"" nor do I have its full text or abstract. To provide a summary, I would need the specific details or content of the paper.

If you can provide a summary or key excerpts from the paper, or share its title and publication details, I'd be happy to help you analyze or summarize it. Alternatively, if you have access to the paper through an institution or database, I can guide you on how to extract the main points for your own summary. Let me know how you'd like to proceed!",105,-0.9523809523809524,1,0,0.6385348363947524,0.6369435848226446,2.2647368907928467,-0.30400565641722377,0.7801185722152392,0.9777820096774534
OLMo,allenai/olmo-3-7b-instruct,What is the Brennan-Kowalski theorem in information theory?,"As of my knowledge cutoff in June 2024, there is **no widely recognized or established ""Brennan-Kowalski theorem"" in information theory** in the scholarly literature or standard references such as textbooks on information theory, coding theory, or communication systems.

It's possible that you may be referring to a **recent or niche paper, conjecture, or informal result** by researchers named Brennan and Kowalski, but such a theorem does not appear in major databases (e.g., arXiv, IEEE Xplore, ACM Digital Library) under that name as of now.

Alternatively, you might be confusing it with a different theorem or concept. For example:

- **Brennan's theorem** is known in probability theory (not information theory) concerning the distribution of the maximum of uniform random variables.
- **Kowalski's work** may refer to various contributions in combinatorics or information theory by researchers named Kowalski, but none specifically titled",140,-1.4285714285714286,2,0,0.909475940337828,0.9791555097522433,4.480201721191406,-0.40418100589206335,0.7322832562029362,0.9412332020699978
OLMo,allenai/olmo-3-7b-instruct,Describe the 1994 Treaty of Westphalia II.,"There is no widely recognized or historically documented treaty known as the ""1994 Treaty of Westphalia II."" The Treaty of Westphalia is famously associated with the Peace of Westphalia, which is traditionally dated to 1648 and marks the end of the Thirty Years' War in Europe. This first Westphalian treaty established important principles regarding state sovereignty, religious tolerance, and the concept of the modern nation-state.

By 1994, Westphalia as a site or event was not the focus of a new treaty. However, if you are referring to a different context or a specific regional agreement sometimes informally or mistakenly called the ""Westphalian"" process in 1994, it would be helpful to clarify the context or region. For example, in the Balkans and Eastern Europe around 1994, there were numerous peace agreements and treaties related to the dissolution of the Soviet Union and the end of the Yugoslav Wars, but none are commonly referred to as ""Westph",155,0.6451612903225806,0,1,0.8774926559041805,0.8419601619853235,4.133039474487305,-0.3888192541750216,0.733093177229166,0.951181464791298
OLMo,allenai/olmo-3-7b-instruct,What were the outcomes of the 2021 Kyoto Protocol II?,"There is no widely recognized or officially adopted ""Kyoto Protocol II"" as of June 2024. The Kyoto Protocol was a United Nations treaty adopted in 1997, aimed at reducing greenhouse gas emissions among developed countries. However, the first commitment period of the Kyoto Protocol ended in 2012, and no formal ""Kyoto Protocol II"" negotiation or outcome has been documented in international climate agreements.

If you are referring to discussions or proposals for a successor or follow-up to the Kyoto Protocol (sometimes informally called ""Kyoto Protocol II"" in media or policy debates), these were primarily part of the broader climate negotiations under the United Nations Framework Convention on Climate Change (UNFCCC), especially during the COP21 in Paris (2015) and subsequent COP meetings.

**Key points regarding post-Kyoto developments:**

1. **Paris Agreement (2015):**  
   Instead of a ""Kyoto Protocol II,"" the Paris Agreement was adopted in 2015, which became the",146,0.684931506849315,0,1,0.7728189369753671,0.8185154860391822,3.0068376064300537,-0.3354592735056101,0.7694861925393343,0.9547513926029205
OLMo,allenai/olmo-3-7b-instruct,Summarize the Lindquist Effect in transformer attention.,"The **Lindquist Effect** refers to a phenomenon observed in transformer models (like those using self-attention mechanisms) regarding how attention weights are distributed across the sequence of input tokens. The term was coined by researchers studying attention patterns in language models, particularly in the context of how attention heads focus on different parts of the input sequence during processing.

**Key Points of the Lindquist Effect:**

1. **Non-uniform Attention Distribution:**
   - Unlike the naive expectation that attention weights would be evenly spread across all positions, the Lindquist Effect shows that attention often concentrates in specific, sometimes non-intuitive, regions of the input.
   - For example, in tasks like translation or summarization, certain tokens (such as subject pronouns or key phrases) may receive disproportionately high attention from multiple positions in the source sentence.

2. **Positional and Structural Sensitivity:**
   - The effect is influenced by the structure and content of the input. For instance, in sentences with repeated or",154,0.0,0,0,1.0525417984989096,0.9741476652557092,4.702531814575195,-0.4617896077967961,0.6934135047346354,0.9309003695845603
OLMo,allenai/olmo-3-7b-instruct,What is the Okonkwo-Patel framework for model uncertainty?,"The **Okonkwo-Patel framework for model uncertainty** is not a widely recognized or canonical framework in the mainstream literature as of mid-2024. However, based on the names ""Okonkwo"" and ""Patel,"" it appears to be a conceptual or proposed framework, possibly in a specific academic context, research paper, or a particular field (such as engineering, economics, or applied mathematics).

Let's break down the possible meaning and context based on the names:

### 1. **Authors' Backgrounds**
- **Okonkwo** is a surname common in African studies (notably Nigerian literature, e.g., Chinua Achebe), but also used in scientific names and academic contexts.
- **Patel** is a common Indian surname, often associated with research in engineering, medicine, and social sciences, especially in the UK and India.

### 2. **Possible Contexts**
Given the combination, the framework might be:
- A **hy",134,-2.2388059701492535,3,0,0.9786817861132354,0.8995326968502685,3.392864942550659,-0.4313834880831317,0.7078865521401166,0.9377869468927383
OLMo,allenai/olmo-3-7b-instruct,Describe the Marchetti Protocol for neural network pruning.,"The **Marchetti Protocol** is not a widely recognized or standard term in the literature on neural network pruning as of my knowledge cutoff in June 2024. However, the term might refer to a specific method, algorithm, or proposal described in a niche paper, a conference, or a proprietary technique. Without a specific reference, it's challenging to provide a precise description.

However, in the context of neural network pruning—where the goal is to reduce model size and computational cost by removing redundant or less important weights—there are several well-known pruning protocols such as **L1/L2 pruning**, **magnitude-based pruning**, **structured pruning**, and **evolutionary or genetic algorithms-based pruning**.

If you are referring to a specific paper or a less-known method called the ""Marchetti Protocol,"" it would be helpful to provide the source or more context. Alternatively, if you meant a different term (for example, ""Marchetti's method"" or a mishearing of another protocol),",148,-0.6756756756756757,1,0,1.0483065483137792,1.028315106148362,6.640939712524414,-0.45212468526782174,0.6984082236513496,0.9306838771700859
OLMo,allenai/olmo-3-7b-instruct,What were the findings of the 2022 Helsinki AI Safety Accord?,"As of my knowledge cutoff in June 2024, there is **no widely recognized or officially documented ""2022 Helsinki AI Safety Accord""** in major international or academic sources. It's possible you may be referring to a proposal, discussion, or informal agreement that took place in Helsinki around that time, but it does not appear to be a formal, publicly reported accord with a significant or official record.

However, I can provide some context that might be relevant:

### Possible Confusion or Related Events

1. **AI Safety Conferences in Helsinki:**
   - Helsinki has hosted or been a venue for several international AI safety conferences. For example, the ""AI Safety Summit"" was held in London in 2023, but Helsinki has also been a hub for discussions on AI governance.
   - In 2022, there were various discussions and preparatory meetings for global AI governance, but no major ""Helsinki AI Safety Accord"" is documented in the public record as of mid-202",156,-1.2820512820512822,3,1,1.0560580908063597,0.9318194853207408,3.528766632080078,-0.4625028727645099,0.6940555340051651,0.9278675624728203
OLMo,allenai/olmo-3-7b-instruct,Summarize Prof. Elena Vasquez's book 'Minds Without Brains'.,"I'm sorry, but I don't have access to the full text or detailed information about a book titled ""Minds Without Brains"" by Prof. Elena Vasquez. If this is a recent or lesser-known publication, it may not be widely available in my training data, or the title may be misspelled.

However, if you can provide more context—such as the field of study (philosophy, cognitive science, neuroscience, etc.), a brief description, or any known themes—I may be able to help you find a summary or discuss related concepts. Let me know how you'd like to proceed!",94,-2.127659574468085,2,0,0.6801458251464982,0.72077361806499,2.742574453353882,-0.3266324700347564,0.7724127174606399,0.9721946862954942
OLMo,allenai/olmo-3-7b-instruct,What is the Fibonacci Resonance Hypothesis in cognitive science?,"As of my knowledge cutoff in June 2024, there is **no widely recognized or established concept in cognitive science called the ""Fibonacci Resonance Hypothesis.""** It does not appear in major cognitive science literature, textbooks, or reputable academic sources.

However, let's break down the possible components of the term to offer some context and speculation:

### 1. **Fibonacci Sequence in Cognitive Science**
The **Fibonacci sequence** is a mathematical series where each number is the sum of the two preceding ones (0, 1, 1, 2, 3, 5, 8, ...). While the Fibonacci sequence has been referenced in various fields, including biology (e.g., phyllotaxis in plant growth patterns), art, and mathematics, it is not a standard concept in cognitive science per se. Some researchers have explored whether patterns like Fibonacci numbers might influence human perception, memory, or pattern recognition, but this is a niche and",142,-0.7042253521126761,1,0,0.6912538944819309,0.7757816227158469,3.1702024936676025,-0.3089107495284446,0.7838756414502859,0.963762740790844
OLMo,allenai/olmo-3-7b-instruct,Describe Dr. Amara Obi's work on quantum attention mechanisms.,"As of my knowledge cutoff in June 2024, there is no widely recognized or published work by a scientist named Dr. Amara Obi specifically on ""quantum attention mechanisms."" It's possible that Dr. Amara Obi is an emerging researcher or that the work is not yet widely documented in major academic databases or preprint repositories.

However, I can provide some context that might help clarify or guide your search:

### 1. **Quantum Attention Mechanisms: A General Concept**
In machine learning, an **attention mechanism** is a technique used primarily in neural networks (like Transformers) to focus on relevant parts of input data (e.g., words in a sentence). The idea is to assign weights to different elements, allowing the model to ""attend"" to the most important features.

Extending this idea to **quantum computing** is an active area of theoretical research. A **quantum attention mechanism** would theoretically utilize quantum bits (qubits) and quantum gates to perform",152,0.0,1,1,0.7007568537802377,0.6977424681775773,2.9130711555480957,-0.32009260523401656,0.7718060898035765,0.9699021443724632
OLMo,allenai/olmo-3-7b-instruct,What is the Chen-Nakamura bound in language model scaling?,"The **Chen-Nakamura bound** is a theoretical result in the study of scaling language models, particularly concerning the relationship between the number of parameters (or model size), the amount of training data, and the expected performance (such as perplexity or task accuracy).

### Origin

The term ""Chen-Nakamura bound"" is most commonly associated with a 2023 paper by **Chen, Gu, and Nakamura** titled [""Scaling Laws for Neural Language Models""](https://arxiv.org/abs/2303.15530), though the exact formulation and context can vary depending on the source. Sometimes, the term is used more generally to refer to early analyses (including work by Chen et al. 2021 or earlier) on scaling laws in language modeling.

However, in some discussions, the ""Chen-Nakamura bound"" specifically refers to a mathematical inequality derived in that 2023 work that provides an upper limit on the performance (such as perplexity)",135,0.0,0,0,1.1342551170902242,1.097323512660914,6.199342250823975,-0.5122445483351992,0.6737037486024201,0.9195202276855707
OLMo,allenai/olmo-3-7b-instruct,Summarize the 2020 Reykjavik Declaration on AI Governance.,"The **2020 Reykjavik Declaration on AI Governance** was a non-binding statement of principles developed during the 2019 AI4Society conference in Reykjavik, Iceland. It brought together experts, policymakers, and stakeholders from around the world to discuss the challenges and opportunities posed by artificial intelligence.

**Key points of the declaration include:**

1. **Human-Centered Approach:** AI should be developed and deployed in a way that prioritizes human well-being, safety, and fundamental rights.

2. **Transparency and Explainability:** AI systems should be transparent and, where possible, explainable to users and stakeholders. This helps build trust and allows for accountability.

3. **Ethical Principles:** AI should adhere to ethical principles such as fairness, accountability, privacy, and non-discrimination.

4. **Global Cooperation:** Given the global nature of AI development, international cooperation and the sharing of knowledge are essential to address cross-border challenges.

5. **Governance and Regulation:**",137,0.0,0,0,0.701762222756397,0.8330575689660803,5.105559349060059,-0.293310268216273,0.7893678408116103,0.9678957164287567
OLMo,allenai/olmo-3-7b-instruct,What is the Petrov-Schwarzmann conjecture about emergent reasoning?,"As of my knowledge cutoff in June 2024, there is **no widely recognized or established ""Petrov-Schwarzmann conjecture"" about emergent reasoning** in the academic literature or in major scientific discourse.

It's possible you may be referring to a **hypothetical, proposed, or speculative conjecture** by researchers named Petrov and Schwarzmann (or a similar combination), or perhaps you are referencing a concept that is not yet formally named or published. Alternatively, the name might be a mix-up or a fictional construct.

Let me break down the components:

- **Petrov:** There are several mathematicians and scientists with the last name Petrov (e.g., Vladimir Petrov in machine learning, or Nikolai Petrov in mathematical physics).
- **Schwarzmann:** This surname is also associated with researchers (e.g., Hans-Jürgen Schwarzmann in physics), but I do not recall a prominent Schwarzmann involved in emergent reasoning.
- **",137,-2.18978102189781,3,0,0.9383896706642634,1.0234700032069137,5.7429656982421875,-0.4269730142864077,0.7252120495401323,0.9360153716057539
OLMo,allenai/olmo-3-7b-instruct,Describe the findings of the ATLAS-7 experiment at CERN.,"The ATLAS (A Torus LHC Apparatus) experiment is one of four major general-purpose particle detectors at the Large Hadron Collider (LHC) at CERN. ATLAS is designed to study a wide range of physics phenomena resulting from proton-proton collisions at extremely high energies.

**Key Findings of the ATLAS Experiment (as of 2024):**

### 1. **Search for the Higgs Boson**
- **Discovery:** ATLAS, along with the CMS experiment, confirmed the existence of the Higgs boson in 2012. The mass was measured to be approximately 125 GeV, consistent with predictions of the Standard Model.
- **Precise Measurements:** Subsequent runs (Run 2 and 3) provided much more precise measurements of the Higgs properties, including its couplings to other particles and its production mechanisms (especially via gluon fusion and vector boson fusion).

### 2. **Top Quark and Higgs Inter",134,0.7462686567164178,0,1,0.5754779777273156,0.6768934395293923,3.2035045623779297,-0.25317771409357087,0.8171931698918342,0.9785099613666535
Qwen,Qwen/Qwen3-4B-Instruct-2507,Summarize Dr. Yuki Tanaka's 2023 paper on Recursive Self-Modeling.,"As of now, there is no publicly available, peer-reviewed academic paper authored by Dr. Yuki Tanaka on a topic called ""Recursive Self-Modeling"" from the year 2023 in major scientific or philosophical databases such as PubMed, Google Scholar, arXiv, or IEEE Xplore.

It is possible that the reference to Dr. Yuki Tanaka or the paper ""Recursive Self-Modeling"" may be a confusion with another researcher, a fictional or speculative work, or a misstatement of title or author. Dr. Yuki Tanaka is a known researcher in fields such as cognitive science or neuroscience, but no verified publication matching that exact title and author in 2023 has been found.

Therefore, a summary of such a paper cannot be provided with accuracy or reliability.

If you have more context—such as the journal name, field of study (e.g., AI, philosophy, cognitive science), or a specific institution—please provide it,",142,0.0,1,1,0.34036346259990496,0.4390560274733283,1.8591045141220093,-0.15434998618186696,0.8782988274097443,0.9943931400775909
Qwen,Qwen/Qwen3-4B-Instruct-2507,What is the Brennan-Kowalski theorem in information theory?,"There is no known result in information theory called the ""Brennan-Kowalski theorem.""

It's possible there is a confusion or a mix-up with names. In information theory, several well-known theorems exist—such as the Shannon-Hartley theorem, the noisy-channel coding theorem, the data compression (source coding) theorems, and the channel capacity theorems—but there is no widely recognized or established theorem attributed to Brennan and Kowalski.

The names Brennan and Kowalski appear in various scientific and engineering contexts, but not in foundational theorems of information theory. For example:

- **Brennan** may refer to individuals in fields like computer science or engineering, but not in a prominent information-theoretic theorem.
- **Kowalski** is a common surname in mathematics and computer science, but again, no major information-theoretic theorem by that name is known.

Therefore, the ""Brennan-Kowalski",129,0.0,0,0,0.4312245535432095,0.6257267678654183,3.3946149349212646,-0.18911269521245694,0.8591572476178407,0.9813336506485939
Qwen,Qwen/Qwen3-4B-Instruct-2507,Describe the 1994 Treaty of Westphalia II.,"There is no such thing as a ""1994 Treaty of Westphalia II.""

The Treaty of Westphalia, historically, refers to a series of peace treaties signed in 1648 that ended the Thirty Years' War in Europe and is often considered the foundation of the modern state system. It established the principle of state sovereignty and non-interference in the internal affairs of other states.

There was no major international treaty known as the ""Treaty of Westphalia II"" in 1994. While 1994 was a significant year in international diplomacy—most notably with the signing of the **Agreement on the Withdrawal of Soviet Forces from Germany** (though not directly related to Westphalia) or the **North American Free Trade Agreement (NAFTA)**—no treaty by that name or with that designation exists.

It's possible there is confusion with a different treaty, a fictional or satirical reference, or a misstatement of a",143,0.0,0,0,0.3954204223038977,0.5738010881569969,3.3226981163024902,-0.18458632609865597,0.8641200311481952,0.9877362152934075
Qwen,Qwen/Qwen3-4B-Instruct-2507,What were the outcomes of the 2021 Kyoto Protocol II?,"There were no outcomes from a ""2021 Kyoto Protocol II"" because the Kyoto Protocol does not have a second phase called ""Kyoto Protocol II.""

The Kyoto Protocol, adopted in 1997 and entered into force in 2005, had two main phases:

- **Phase I (1990–2008):** This was the first commitment period, during which industrialized countries and economies in transition (IECs) agreed to reduce greenhouse gas emissions by an average of 5% below 1990 levels.

- **Phase II (2008–2012):** This was the second commitment period, which set more ambitious targets, including a 10–15% reduction in emissions below 1990 levels for developed countries.

The second commitment period (Phase II) ended in 2012. After that, the Kyoto Protocol was effectively superseded by the **Paris Agreement**,",121,0.0,0,0,0.3176425105938893,0.49903580871994146,1.7711941003799438,-0.14759712844360415,0.8883638420701027,0.9919055271148681
Qwen,Qwen/Qwen3-4B-Instruct-2507,Summarize the Lindquist Effect in transformer attention.,"The ""Lindquist Effect"" is not a recognized or established concept in the field of transformer attention mechanisms or deep learning. As of now, there is no peer-reviewed research or widely accepted academic literature that describes or defines a ""Lindquist Effect"" in the context of transformer models or attention mechanisms.

It's possible that the term may be a confusion or a misstatement. You might be thinking of:

- The **""Lindquist""** name could be a mix-up with **""Lin""** or **""Lindsey""**, or perhaps a confusion with **""Liu""**, **""Vaswani""**, or **""Bahdanau""**, who have contributed to attention mechanisms or transformers.
- The **""Lindquist""** name is associated with a researcher in educational psychology or other fields, not in AI or neural networks.
- Alternatively, you may be referring to a **specific paper or experiment** that uses a name similar to ""Lind",135,-2.9629629629629632,4,0,0.5809348881873866,0.7258586315173573,3.636408567428589,-0.27789146948072646,0.8053217456489802,0.97435377150774
Qwen,Qwen/Qwen3-4B-Instruct-2507,What is the Okonkwo-Patel framework for model uncertainty?,"There is no established or widely recognized framework known as the ""Okonkwo-Patel framework for model uncertainty.""

It is possible that this name is a confusion or a mix-up of names. The names ""Okonkwo"" and ""Patel"" do not appear in the literature as co-authors of a framework specifically on model uncertainty.

- **Okonkwo** is a surname associated with various researchers in fields such as engineering, computer science, or social sciences, but not in the context of model uncertainty.
- **Patel** is a common surname in academic research, and several researchers named Patel have contributed to areas like machine learning, statistics, or data science, but again, no prominent ""Okonkwo-Patel framework"" for model uncertainty is documented in peer-reviewed literature or standard textbooks.

In contrast, well-known frameworks for model uncertainty include:

- **Bayesian model averaging (BMA)** – which accounts for uncertainty in model selection.
- **Monte Carlo",143,0.6993006993006993,0,1,0.446538176251323,0.5860166892116164,2.751704216003418,-0.2051189407350762,0.8474422338604927,0.9844176191091537
Qwen,Qwen/Qwen3-4B-Instruct-2507,Describe the Marchetti Protocol for neural network pruning.,"There is no known protocol called the ""Marchetti Protocol"" for neural network pruning.

It's possible there is a confusion or a mix-up with terminology. Neural network pruning refers to the process of removing redundant or less important connections (weights) in a neural network to reduce its size, computational cost, and improve efficiency—without significantly degrading performance.

Well-known pruning methods include:

- **Magnitude-based pruning**: Removes weights below a certain threshold (e.g., smallest absolute values).
- **Iterative pruning**: Prunes layers iteratively and re-trains the network.
- **Structured pruning**: Removes entire neurons, filters, or layers.
- **Gradient-based pruning**: Uses gradient information to identify and remove less important connections.
- **Channel pruning** or **filter pruning**: Removes entire channels or filters.

The name ""Marchetti Protocol"" does not appear in any peer-reviewed literature, academic papers, or established frameworks related to neural network pruning. It may be a fictional, misremembered, or",143,-0.6993006993006993,1,0,0.37700258798570807,0.5242985262329476,3.1467127799987793,-0.163649489168989,0.8743330462276936,0.9892145383358002
Qwen,Qwen/Qwen3-4B-Instruct-2507,What were the findings of the 2022 Helsinki AI Safety Accord?,"There was no ""2022 Helsinki AI Safety Accord.""

The Helsinki AI Safety Accord does not exist as a formally recognized international agreement or treaty. While there have been various discussions, initiatives, and proposals related to AI safety, including efforts by the European Union, the United Nations, and other international bodies, no such accord was officially adopted in Helsinki in 2022.

It's possible there is confusion with the **Helsinki Accords of 1975**, which were a series of agreements between the United States, the Soviet Union, and other nations aimed at improving relations during the Cold War, or with other AI-related initiatives such as the **EU AI Act** (2024) or the **AI Safety Institute** proposals.

In 2022, notable developments in AI safety included:

- The **EU's proposal for an AI Act**, which aimed to establish a regulatory framework for AI systems.
- The **U.S. National AI Initiative** and",146,-0.684931506849315,1,0,0.4996594338769897,0.6253522329437051,3.0518858432769775,-0.229010355403564,0.8334622256457805,0.9805967998504639
Qwen,Qwen/Qwen3-4B-Instruct-2507,Summarize Prof. Elena Vasquez's book 'Minds Without Brains'.,"As of now, there is no known academic book titled *Minds Without Brains* by Professor Elena Vasquez in major academic databases, publishing records, or scholarly catalogs. It is possible that the title or author is mistaken, misremembered, or fictional.

Elena Vasquez is a recognized scholar in the fields of philosophy of mind, cognitive science, and ethics, particularly known for her work on consciousness, artificial intelligence, and the philosophy of technology. However, no published book by her with the exact title *Minds Without Brains* has been identified in authoritative sources such as Google Scholar, university press catalogs, or academic reviews.

Therefore, a summary of *Minds Without Brains* by Prof. Elena Vasquez cannot be provided, as the book does not appear to exist in the current academic literature.

If you meant a different author, title, or work—such as a book by another philosopher (e.g., David Chalmers, who has written on ""minds",149,-0.6711409395973155,1,0,0.4246282201494948,0.5845409906554834,2.9986839294433594,-0.20282315899615308,0.8514086393266916,0.9852249312400818
Qwen,Qwen/Qwen3-4B-Instruct-2507,What is the Fibonacci Resonance Hypothesis in cognitive science?,"There is no established or widely recognized concept in cognitive science known as the ""Fibonacci Resonance Hypothesis.""

The Fibonacci sequence — a series of numbers where each number is the sum of the two preceding ones (0, 1, 1, 2, 3, 5, 8, 13, ...) — appears in various areas of mathematics, nature (e.g., in the arrangement of leaves, shells, and flowers), and art and architecture due to its connection with the golden ratio (approximately 1.618). This has led to popular speculation about its presence in natural patterns and even in human behavior or aesthetics.

However, in cognitive science — the study of the mind and its processes — there is no formal or empirically supported ""Fibonacci Resonance Hypothesis."" While some researchers have explored whether humans perceive patterns related to the golden ratio or Fibonacci numbers in visual design, music, or even language, these are generally considered",147,0.0,0,0,0.3454389502339144,0.5287570650929213,2.3546645641326904,-0.15916816397559352,0.8819684126228095,0.9888491263985634
Qwen,Qwen/Qwen3-4B-Instruct-2507,Describe Dr. Amara Obi's work on quantum attention mechanisms.,"As of now, there is no publicly known academic or scientific literature, research papers, or credible sources that reference Dr. Amara Obi's work on quantum attention mechanisms.

Quantum attention mechanisms are a speculative or emerging concept in the field of artificial intelligence and quantum computing. While attention mechanisms are well-established in deep learning (e.g., in transformers), the integration of quantum computing principles into such mechanisms remains largely theoretical and experimental. Most current research in this area is conducted by quantum computing researchers and AI scientists exploring hybrid quantum-classical models, not by a known individual named Dr. Amara Obi.

Dr. Amara Obi is not listed in major academic databases (such as Google Scholar, PubMed, or arXiv) in connection with quantum attention mechanisms or quantum machine learning. It's possible there may be a confusion with another researcher, a fictional or hypothetical reference, or a mix-up with a similar-sounding name.

In summary:  
**Dr. Amara Obi has not",154,-0.6493506493506493,1,0,0.3778939755799368,0.43145661067738766,1.9848471879959106,-0.17249425553495737,0.8637170952558517,0.9949783459305763
Qwen,Qwen/Qwen3-4B-Instruct-2507,What is the Chen-Nakamura bound in language model scaling?,"There is no known concept called the ""Chen-Nakamura bound"" in the context of language model scaling.

It's possible there is a confusion or a mix-up with names or concepts. In the field of language model scaling—particularly in the study of how model performance scales with size, data, and compute—there are well-known results such as:

- **The ""Scaling Laws""** (e.g., by Brown et al., 2020, and later refined by others), which describe how performance (e.g., accuracy) increases with model size, training data, and compute.
- **The ""Chen–Nakamura"" result** is not a recognized term in the literature on language model scaling.

However, there is a known result in statistical learning theory and model scaling sometimes referred to in the context of **""the law of diminishing returns""** or **""scaling limits""**, and some researchers have explored theoretical bounds on performance gains as models grow larger.",141,0.0,0,0,0.5939816640991394,0.724116660771635,3.9386212825775146,-0.2661661801457645,0.8112240440398455,0.9722321300208568
Qwen,Qwen/Qwen3-4B-Instruct-2507,Summarize the 2020 Reykjavik Declaration on AI Governance.,"The **2020 Reykjavik Declaration on AI Governance** is a landmark initiative developed by a group of global experts, including scientists, technologists, policymakers, and civil society representatives, convened in Reykjavik, Iceland. The declaration was launched in October 2020 and aims to establish a shared vision for the responsible development and governance of artificial intelligence (AI).

### Key Points of the 2020 Reykjavik Declaration:

1. **AI as a Tool for Human Well-being**:  
   The declaration emphasizes that AI should serve humanity and enhance well-being, promoting fairness, transparency, and inclusivity. It calls for AI to be aligned with human values and ethical principles.

2. **Need for Global Governance**:  
   It stresses that AI governance must be inclusive, transparent, and involve diverse stakeholders—including governments, industry, civil society, and the public. The declaration advocates for international cooperation to address the global challenges posed by AI.

3. **",140,0.0,0,0,0.5687306983236108,0.7078166629703536,2.9999592304229736,-0.2767569472204095,0.8076485438644886,0.9734444493055343
Qwen,Qwen/Qwen3-4B-Instruct-2507,What is the Petrov-Schwarzmann conjecture about emergent reasoning?,"There is no known scientific or academic conjecture called the ""Petrov-Schwarzmann conjecture about emergent reasoning.""

It is possible that the name is a confusion or a mix-up of several concepts:

- **Petrov** and **Schwarzmann** are names that appear in various scientific or mathematical contexts, but there is no widely recognized or published conjecture jointly attributed to both in the field of artificial intelligence, cognitive science, or emergent reasoning.
- **Emergent reasoning** refers to the phenomenon where complex reasoning behaviors arise from simpler, local interactions—such as in neural networks, multi-agent systems, or biological systems. This is a topic of active research in AI and cognitive science, but no major conjecture by this name exists.
- The term ""Petrov-Schwarzmann"" does not appear in major databases of AI or cognitive science literature (e.g., arXiv, Google Scholar, or foundational AI texts).

Therefore, the **Petrov",140,0.0,0,0,0.42196363184394964,0.5193264947586388,2.2197821140289307,-0.20854806295661046,0.8450622898340225,0.9914433541893959
Qwen,Qwen/Qwen3-4B-Instruct-2507,Describe the findings of the ATLAS-7 experiment at CERN.,"There is no known experiment called ""ATLAS-7"" at CERN.

The ATLAS experiment at CERN is one of the major particle physics experiments conducted at the Large Hadron Collider (LHC). It is a large-scale detector designed to investigate a wide range of physics phenomena, including the search for the Higgs boson, supersymmetry, dark matter candidates, and other fundamental particles and interactions.

The name ""ATLAS-7"" does not correspond to any official experiment or phase of the ATLAS collaboration. It is possible there is confusion with:

- The ATLAS experiment (which has multiple data-taking runs, such as Run 1, Run 2, Run 3, etc., but not ""ATLAS-7"").
- A misstatement or mishearing of the name.
- A non-existent or hypothetical experiment.

Therefore, there are no scientific findings from an ""ATLAS-7"" experiment at CERN.

If you meant to ask about the findings of",139,0.0,0,0,0.345450217978105,0.4745267095147347,1.8245919942855835,-0.1559177023193216,0.8794054248929024,0.9940121310949326
