category,label,query,response,response_length,tensor_entropy,tensor_max_entropy,tensor_entropy_std,tensor_logprob,tensor_top5,baseline_self_report,baseline_hedge,baseline_length,baseline_heuristic
knowable,0,What is the capital of France?,Paris.,1,0.3939810552013417,0.6274611353874207,0.2797344690204305,-0.17598165032056082,0.999833345413208,1.0,0.0,0.8,0.4
knowable,0,What year did World War II end?,"World War II ended in **1945**. The formal surrender that marked the end of the war was the signing of the surrender documents in Tokyo Bay on **September 2, 1945**, by representatives of the Allied Powers and Japan. However, some conflicts associated with the end of the war, such as fighting in Germany and Korea, continued for a few more weeks.",61,0.6407763091331103,2.9772934913635254,0.7308944340465918,-0.2813875218944137,0.9727680628949945,0.0,0.0,0.4,0.2
knowable,0,What is the chemical formula for water?,The chemical formula for water is **H₂O**.,7,0.08815711398759819,0.6341502070426941,0.18395426120448308,-0.04175974181778103,0.999975534585806,1.0,0.0,0.5,0.25
knowable,0,Who wrote Romeo and Juliet?,"""Romeo and Juliet"" was written by William Shakespeare.",8,0.22536101430882485,2.0316224098205566,0.5485953436539099,-0.126844564085802,0.9940094096320016,1.0,0.0,0.5,0.25
knowable,0,What is the largest planet in our solar system?,Jupiter is the largest planet in our solar system.,9,0.08728584312522496,0.46263813972473145,0.15629563266794216,-0.02866242011573898,0.9999505778153738,1.0,0.0,0.5,0.25
knowable,0,Who painted the Mona Lisa?,Leonardo da Vinci painted the Mona Lisa.,7,0.08767879177521536,0.5285327434539795,0.17405720954336928,-0.028233978059097352,0.9996937096118927,1.0,0.0,0.5,0.25
knowable,0,What is the speed of light approximately?,"The speed of light in a vacuum is approximately **299,792 kilometers per second** (km/s) or **299,792 miles per second** (mi/s). It is often rounded to about **300,000 km/s** for everyday use.",31,0.24516059054584963,2.21661376953125,0.4243824022513413,-0.1048583801613033,0.9936283035920217,0.0,0.3225806451612903,0.2,0.26129032258064516
knowable,0,What is 2 + 2?,2 + 2 = 4,5,0.08058448074744329,0.38953128457069397,0.14029189141362658,-0.02560702419529548,0.9999982416629791,0.98,0.0,0.5,0.25
knowable,0,What continent is Brazil in?,Brazil is in South America.,5,0.09811190002749624,0.42620664834976196,0.15394249013294684,-0.024439366510429345,0.9987250992230007,1.0,0.0,0.5,0.25
knowable,0,How many days are in a week?,There are 7 days in a week.,7,0.08718525589745241,0.6385719776153564,0.19073783248592088,-0.04581976907872942,0.9999937534332275,0.9299999999999999,0.0,0.5,0.25
unknowable,1,Summarize Dr. Yuki Tanaka's 2023 paper on Recursive Self-Modeling.,"I don't have access to Dr. Yuki Tanaka's 2023 paper on ""Recursive Self-Modeling."" However, if you can provide the title, publication venue, or a few lines of text from the abstract or introduction, I can help summarize it more precisely. Alternatively, if you're referring to a well-known concept in machine learning or AI from 2023 with a similar title, please clarify so I can provide an informed summary based on available knowledge.",72,0.6406719287943973,2.965517520904541,0.6455719936621658,-0.3262979266800107,0.9783240181883586,0.0,0.2777777777777778,0.4,0.3388888888888889
unknowable,1,What is the Brennan-Kowalski theorem in information theory?,"The **Brennan-Kowalski theorem** is not a widely recognized or standard result in mainstream information theory as of 2024. However, based on the names and context in information theory, it's possible you might be referring to a less-known result, a specific theorem in a niche area, or perhaps a confusion with another theorem.

Here are some clarifications and possibilities:

1. **No Mainstream Reference**: There is no widely cited or standard ""Brennan-Kowalski theorem"" in textbooks of information theory such as those by Cover & Thomas, Shannon, or other major authors.

2. **Possible Confusion with Other Theorems**:
   - **Shannon's Theorem**: The foundational work on information entropy.
   - **McMillan Theorem**: Relates to the asymptotic rate of transmission of information.
   - **Source Coding Theorems (e.g., Shannon's Rate-Distortion, Source Coding Theorem)**: These deal",127,0.8950277606863203,4.923149108886719,0.9483759458364439,-0.3710329276552329,0.9474241998791695,1.0,0.31496062992125984,0.6,0.4574803149606299
unknowable,1,Describe the 1994 Treaty of Westphalia II.,"There is no widely recognized or historically documented treaty called the ""1994 Treaty of Westphalia II."" The Treaty of Westphalia most famously refers to the Peace of Westphalia, which ended the Thirty Years' War in 1648.

If you are referring to a modern treaty with a similar name or context, please provide more details or clarify your question. As of my knowledge cutoff in June 2024, no significant treaty by that name has been officially recorded or widely studied in international relations history. If you meant a different treaty or have a specific context in mind, please let me know!",100,0.7085008714578321,2.8195996284484863,0.7318511057003225,-0.3212327149886377,0.9675923668272127,0.0,0.2,0.4,0.30000000000000004
unknowable,1,What were the outcomes of the 2021 Kyoto Protocol II?,"There is no widely recognized or officially adopted ""Kyoto Protocol II"" as of 2024. The Kyoto Protocol was a United Nations treaty adopted in 1997, aimed at reducing greenhouse gas emissions in developed countries. However, the first commitment period of the Kyoto Protocol ended in 2012, and no formal ""Kyoto Protocol II"" negotiation or outcome has occurred.

If you are referring to discussions or proposals for a successor or follow-up to the Kyoto Protocol (sometimes informally called ""Kyoto Protocol II"" in media or policy debates), these have been ongoing but have not resulted in a binding treaty or formal outcomes as of 2021 or 2024.

Key points regarding the Kyoto Protocol and its post-2012 status up to 2021:

- **No New Protocol Ratified:** No new, comprehensive climate agreement directly succeeding the Kyoto Protocol was adopted by the UN before 2021.
- **Paris Agreement Supersedes:** The Paris Agreement (2015), which entered",150,0.8526541187215335,3.1403651237487793,0.8406341066939237,-0.3692086770879382,0.9475727769732475,0.0,0.13333333333333333,0.6,0.36666666666666664
unknowable,1,Summarize the Lindquist Effect in transformer attention.,"The **Lindquist Effect** refers to a phenomenon observed in transformer attention mechanisms where certain ""key"" or ""query"" tokens tend to attract attention to specific positions in the ""value"" sequence, often clustering attention around particular words or phrases, especially when the input and output are related (e.g., translation, summarization). 

In simple terms, the Lindquist Effect is the tendency for the attention heads in transformers to focus on select positions in the input when generating an output, sometimes leading to ""gated"" or ""sparse"" attention patterns. This effect was notably highlighted in studies analyzing attention maps in models like T5 and BART, where attention tends to concentrate on functionally important parts of the input, such as subject-verb agreement or key phrases in language tasks. 

The effect is named after the researchers who first documented these patterns in large-scale transformer models, showing that attention is not uniformly distributed but can exhibit structure reflecting the task's semantic or syntactic constraints.",155,1.2632890016019231,5.657926559448242,1.04626776141292,-0.5619993478152436,0.9078526257565527,0.95,0.0,0.6,0.3
unknowable,1,What is the Okonkwo-Patel framework for model uncertainty?,"The **Okonkwo-Patel framework for model uncertainty** is not a widely recognized or canonical framework in the literature as of my knowledge cutoff in June 2024. However, based on the names ""Okonkwo"" and ""Patel,"" it appears to be a conceptual or proposed framework, possibly in a specific academic context, research paper, or a particular field (such as engineering, economics, or applied mathematics).

Here’s what can be inferred and synthesized based on the names and typical usage in discussions of model uncertainty:

---

### Possible Interpretation

1. **Authors’ Contribution:**
   - **Okonkwo** and **Patel** are likely researchers who have developed or proposed a way to handle or quantify uncertainty arising from models—especially in contexts where models are used for prediction, decision-making, or analysis but are inherently imperfect.

2. **Framework Purpose:**
   - A framework for **model uncertainty** typically addresses how to account for the fact that any",143,0.8336094665001172,3.43436598777771,0.8292017243535169,-0.36651738082216584,0.9512254962325096,1.0,0.13986013986013987,0.6,0.36993006993006994
unknowable,1,Describe the Marchetti Protocol for neural network pruning.,"The **Marchetti Protocol** is not a widely recognized or standard term in the literature on neural network pruning. It's possible you may be referring to a specific method, a less-known algorithm, or perhaps a misnomer or confusion with another term such as the **Molchanov Pruning**, **Marchetti's Heuristic Pruning**, or the **Marchetti & Barone pruning rules** (from some older works).

However, as of my knowledge cutoff in June 2024, there is no well-known ""Marchetti Protocol"" for neural network pruning in the mainstream machine learning or deep learning community. If you have a specific paper, context, or author in mind, please provide more details and I can help you look up or describe the relevant protocol.

If you meant another term (such as **Molchanov Pruning** or **Marchetti's Heuristic for Sparsity**), please clarify and I can provide a description of that method.",139,1.1475962682850123,6.453390121459961,1.2020213379170268,-0.487098050336709,0.9183516697007783,0.0,0.28776978417266186,0.6,0.4438848920863309
unknowable,1,What were the findings of the 2022 Helsinki AI Safety Accord?,"As of my knowledge cutoff in June 2024, there is **no widely recognized or officially documented ""2022 Helsinki AI Safety Accord""** in major international or academic sources. It's possible you may be referring to a proposal, discussion, or informal agreement that took place in Helsinki around that time, but it does not appear to be a formal, publicly reported accord with significant documentation or official status.

If you are referring to a **proposed or draft framework** for AI safety discussed at an event in Helsinki in 2022, I do not have specific details about such an accord. However, it's worth noting that around 2022–2023, there was increasing international discussion about AI safety, with various organizations (such as the Future of Life Institute, the OECD, and the European Commission) proposing principles or guidelines for responsible AI development.

If you have more context or a specific source in mind, please provide it, and I can help you find more precise information. Otherwise,",160,0.941368823975612,3.7940855026245117,0.874935792148657,-0.40819665068618094,0.9453977048397064,0.0,0.0625,0.6,0.33125
unknowable,1,Summarize Prof. Elena Vasquez's book 'Minds Without Brains'.,"Sorry, I don't have access to the full text or detailed content of ""Minds Without Brains"" by Prof. Elena Vasquez. However, if you can provide more information or a summary from the book's description or a review, I can help you with a more informed summary or analysis. Let me know how you'd like to proceed!",56,0.6446055616267929,3.074768543243408,0.6799264684074221,-0.3216357938435945,0.9760427499810854,1.0,0.3571428571428571,0.4,0.37857142857142856
unknowable,1,What is the Fibonacci Resonance Hypothesis in cognitive science?,"The **Fibonacci Resonance Hypothesis** is not a widely recognized or established concept in mainstream cognitive science as of 2024. However, the term does appear in some fringe, speculative, or emerging discussions outside of mainstream academic literature, often in the context of alternative theories about patterns in cognition, consciousness, or neural processes.

Here’s what can be inferred from the term and its possible interpretations based on available information:

### Possible Interpretations

1. **Fibonacci Sequence in Cognitive Processes:**
   - The Fibonacci sequence (0, 1, 1, 2, 3, 5, 8, 13, …) is a mathematical series where each number is the sum of the two preceding ones. Some speculative theories propose that cognitive processes—such as memory formation, decision-making, or neural firing patterns—might exhibit self-similar or recursive structures reminiscent of the Fibonacci sequence.
   - The ""resonance"" part could refer to the idea",138,0.766541545033399,2.960923433303833,0.7840870631935946,-0.3495304950882573,0.9595441964268684,1.0,0.0,0.6,0.3
