generation_id,created_at,cost_total,cost_web_search,cost_cache,cost_file_processing,byok_usage_inference,tokens_prompt,tokens_completion,tokens_reasoning,tokens_cached,model_permaslug,provider_name,variant,cancelled,streamed,user,finish_reason_raw,finish_reason_normalized,generation_time_ms,time_to_first_token_ms,app_name,api_key_name
gen-1772184967-O0lnXyxVCvve7iFZWDy0,2026-02-27 09:36:07.557,0.000932,,,0,0,8096,1225,0,0,z-ai/glm-4-32b-0414,Z.AI,standard,false,true,,stop,stop,21580,3682,,wam-desktop
gen-1772184833-5bfff6IlYlyHo5IcJtBQ,2026-02-27 09:33:52.988,0.000094,,,0,0,1094,389,0,0,google/gemma-3-12b-it,DeepInfra,standard,false,true,,stop,stop,12959,366,,wam-desktop
gen-1772184833-tlQB8ACRWoQfLtBY9n5N,2026-02-27 09:33:52.971,0.005667,,,0,0,4361,173,0,0,deepcogito/cogito-v2.1-671b-20251118,Together,standard,false,true,,stop,stop,3069,1019,,wam-desktop
gen-1772184833-pH5XfG75Tir6sjb5wzWW,2026-02-27 09:33:52.962,0.009943,,,0,0,4429,4000,3959,0,aion-labs/aion-2.0-20260223,AionLabs,standard,false,true,,length,length,101324,3119,,wam-desktop
gen-1772184609-em1Gr9q0uxyhM6EJ2Lnp,2026-02-27 09:30:09.070,0.000221,,,0,0,2509,1199,0,0,mistralai/mistral-small-24b-instruct-2501,DeepInfra,standard,false,true,,stop,stop,21749,197,,wam-desktop
gen-1772184551-I36p7RdP1d3KIrjC1ErF,2026-02-27 09:29:11.079,0.000233,,,0,0,5133,562,0,0,sao10k/l3-lunaris-8b,DeepInfra,standard,false,true,,stop,stop,5761,307,,wam-desktop
gen-1772182913-32XhYRPJmrPzjmj8e94w,2026-02-27 09:01:53.357,0.000334,,,0,0,4702,4000,0,0,meta-llama/llama-guard-3-8b,Nebius,standard,false,true,,length,length,108497,731,,wam-desktop
gen-1772182913-YXucVQQfsrMn4VeWZFCq,2026-02-27 09:01:53.157,0.000261,,,0,0,5054,4000,0,0,google/gemma-3n-e4b-it,Together,standard,false,true,,length,length,79600,848,,wam-desktop
gen-1772182913-Kpq0xCxZyDVzX3xZs2h6,2026-02-27 09:01:53.156,0.002046,,,0,0,2121,287,0,0,sao10k/l3.3-euryale-70b-v2.3,DeepInfra,standard,false,true,,stop,stop,8322,579,,wam-desktop
gen-1772182691-XanyhrcpqXXNwvX1ze7U,2026-02-27 08:58:11.600,0,,,0,0,88980,0,0,0,google/gemma-3-27b-it,Novita,standard,false,true,,,,1214,1214,,wam-desktop
gen-1772181195-kF3C3YAgzOS1qbLBoTy8,2026-02-27 08:33:15.209,0.001659,,,,0,7108,3261,1856,0,openai/gpt-5-nano-2025-08-07,OpenAI,standard,false,true,,completed,stop,34623,5233,,wam-desktop
gen-1772181052-ThhVr8aW0tpNaGDPtEId,2026-02-27 08:30:51.943,0.000023,,,0,0,1436,473,0,0,liquid/lfm-2.2-6b,Liquid,standard,false,true,,stop,stop,2366,396,,wam-desktop
gen-1772181052-5MMtOC4z2qVpglZTuip0,2026-02-27 08:30:51.941,0.000472,,,0,0,4243,162,0,0,mistralai/devstral-small-2507,Mistral,standard,false,true,,stop,stop,1108,450,,wam-desktop
gen-1772181051-sQpL4T736VoolUmorlpc,2026-02-27 08:30:51.876,0.000238,,,0,0,3942,4000,0,0,google/gemma-3n-e4b-it,Together,standard,false,true,,length,length,82414,862,,wam-desktop
gen-1772180712-HhduiTIG7eGv6asb4lwr,2026-02-27 08:25:12.623,0.098956,,,0,0,187923,3330,0,0,mistralai/mistral-large-2512,Mistral,standard,false,true,,stop,stop,158917,30355,,wam-desktop
gen-1772179125-OS1ouhtyVJllfx07aMeC,2026-02-27 07:58:45.479,0.000257,,,0,0,3469,418,0,0,qwen/qwen-turbo-2024-11-01,Alibaba,standard,false,true,,stop,stop,5380,640,,wam-desktop
gen-1772179124-pJil83zsTxPmQ58bYyXs,2026-02-27 07:58:44.729,0.002941,,,0,0,17414,4000,0,0,qwen/qwen3-coder-30b-a3b-instruct,Nebius,standard,false,true,,length,length,49378,776,,wam-desktop
gen-1772179124-BsuPv3vGua4PIflpMhSt,2026-02-27 07:58:44.658,0.000119,,,0,0,3665,233,0,0,meta-llama/llama-3-8b-instruct,DeepInfra,standard,false,true,,stop,stop,7157,564,,wam-desktop
gen-1772178905-siYuHey4EUuQz3Vu4e9o,2026-02-27 07:55:05.007,0.001709,,,0,0,5090,4000,2884,0,stepfun/step-3.5-flash,StepFun,standard,false,true,,length,length,39586,10591,,wam-desktop
gen-1772178849-moZPV6TH4gMrUZCBSnN9,2026-02-27 07:54:09.794,0.009198,,,0,0,180177,947,0,0,qwen/qwen-turbo-2024-11-01,Alibaba,standard,false,true,,stop,stop,52280,10088,,wam-desktop
gen-1772177168-feqW44tEUxNU23AY8WZA,2026-02-27 07:26:08.201,0.001669,,,0,0,10488,642,0,0,essentialai/rnj-1-instruct,Together,standard,false,true,,stop,stop,6100,1016,,wam-desktop
gen-1772177153-uy7q7kxdIV36FF16ppM9,2026-02-27 07:25:53.828,0.000058,,,0,0,4891,493,0,0,liquid/lfm-2.2-6b,Liquid,standard,false,true,,stop,stop,2663,548,,wam-desktop
gen-1772177153-2yHqRBidj4HH4NTnJ33j,2026-02-27 07:25:53.785,0.000144,,,0,0,677,283,0,0,mistralai/mistral-nemo,Mistral,standard,false,true,,stop,stop,2367,525,,wam-desktop
gen-1772177153-LwRps0TwwXSTNYkGrmeJ,2026-02-27 07:25:53.773,0.000103,,,0,0,4763,214,0,0,mistralai/mistral-nemo,DeepInfra,standard,false,true,,stop,stop,4050,600,,wam-desktop
gen-1772175427-6H1HtqgvcMR9QYoa8bGM,2026-02-27 06:57:07.237,0.000183,,,0,0,3943,506,0,0,sao10k/l3-lunaris-8b,DeepInfra,standard,false,true,,stop,stop,5458,208,,wam-desktop
gen-1772175354-6sON2iafaXmgtoQ248Y9,2026-02-27 06:55:54.253,0.001055,,,0,0,2458,513,363,0,prime-intellect/intellect-3-20251126,Nebius,standard,false,true,,stop,stop,10578,423,,wam-desktop
gen-1772175354-JdxgGfAvNd8QrRR5ZUrm,2026-02-27 06:55:54.238,0.000111,,,0,0,5093,461,0,0,meta-llama/llama-3.2-3b-instruct,DeepInfra,standard,false,true,,stop,stop,27373,949,,wam-desktop
gen-1772175354-5YgGU80XDKue28Tc0pU1,2026-02-27 06:55:54.196,0.000083,,,0,0,3826,183,0,0,mistralai/mistral-nemo,DeepInfra,standard,false,true,,stop,stop,1621,169,,wam-desktop
gen-1772175131-PF8YgUpek2m1ssGsNbbU,2026-02-27 06:52:11.556,0.000223,,,0,0,20805,764,0,0,liquid/lfm2-8b-a1b,Liquid,standard,false,true,,stop,stop,18669,1174,,wam-desktop
gen-1772175070-pTSaF46tss50MQ9v2H2T,2026-02-27 06:51:10.158,0.042083,,,0,0,161775,1312,0,0,anthropic/claude-3-haiku,Amazon Bedrock,standard,false,true,,stop,stop,31102,14557,,wam-desktop
gen-1772173435-qgaCi9kheHQFen6DWvrh,2026-02-27 06:23:55.462,0.000415,,,0,0,6386,1003,718,0,nvidia/nemotron-nano-9b-v2,DeepInfra,standard,false,true,,stop,stop,9833,733,,wam-desktop
gen-1772173435-piWOGfmSzEMm9SDElQIQ,2026-02-27 06:23:55.453,0.000088,,,0,0,4416,2197,0,0,liquid/lfm2-8b-a1b,Liquid,standard,false,true,,,,60292,4066,,wam-desktop
gen-1772173435-nwFlV7i9DAqHUbO6tiMM,2026-02-27 06:23:55.384,0.004827,,,0,0,3773,2000,0,0,mancer/weaver,Mancer 2,standard,false,true,,length,length,48905,1259,,wam-desktop
gen-1772173212-M3WN7iPvUsYiphwBt0qV,2026-02-27 06:20:12.959,0,,,0,0,81133,0,0,0,google/gemma-3-27b-it,Novita,standard,false,true,,,,3285,3285,,wam-desktop
gen-1772171576-te4sfGi4gkriRgEG9XpN,2026-02-27 05:52:56.578,0.000072,,,0,0,1062,177,0,0,mistralai/mistral-nemo,Novita,standard,false,true,,stop,stop,6280,801,,wam-desktop
gen-1772171576-zlSUKcASKrQsTbV6N2rt,2026-02-27 05:52:56.500,0.00016,,,0,0,3840,161,0,0,meta-llama/llama-3-8b-instruct,Novita,standard,false,true,,stop,stop,2481,760,,wam-desktop
gen-1772171576-fu63fBlFc5g7CnPc0D0o,2026-02-27 05:52:56.406,0.000715,,-0.000022,0,0,1129,1024,770,150,x-ai/grok-4.1-fast,xAI,standard,false,true,,completed,stop,6812,703,,wam-desktop
gen-1772171350-vcK55ffs4hcsuRQxABev,2026-02-27 05:49:10.055,0.004486,,,0,0,15459,2324,1832,0,nvidia/nemotron-nano-12b-v2-vl,DeepInfra,standard,false,true,,stop,stop,17906,1188,,wam-desktop
gen-1772169654-vJ9GzZLK8BAQCchGxAP0,2026-02-27 05:20:54.199,0.00056,,,0,0,4800,4000,0,0,mistralai/mistral-small-24b-instruct-2501,DeepInfra,standard,false,true,,length,length,86326,696,,wam-desktop
gen-1772169654-DiturdH4JYy3uWAEyGlC,2026-02-27 05:20:54.187,0.003995,,,0,0,5127,2048,0,0,minimax/minimax-m2-her-20260123,Minimax,standard,false,true,,length,length,19163,1158,,wam-desktop
gen-1772169654-7644OdpBCTKuRWs4ao4w,2026-02-27 05:20:54.183,0.000186,,,0,0,4477,149,0,0,sao10k/l3-lunaris-8b,DeepInfra,standard,false,true,,stop,stop,1862,254,,wam-desktop
gen-1772169434-7ci4kFLwJu1Eh2cA749b,2026-02-27 05:17:14.787,0.041804,,,0,0,162876,868,0,0,anthropic/claude-3-haiku,Amazon Bedrock,standard,false,true,,stop,stop,25644,14148,,wam-desktop
gen-1772167872-DgmEY2GRFOljjJC3SAdf,2026-02-27 04:51:12.026,0.005457,,,0,0,17718,1100,962,0,deepseek/deepseek-r1-distill-qwen-32b,NextBit,standard,false,true,,stop,stop,57160,15387,,wam-desktop
gen-1772167795-zt9fBMBaO7dhMkAimQdt,2026-02-27 04:49:55.054,0.000835,,,0,0,3755,2044,1528,0,baidu/ernie-4.5-21b-a3b-thinking,Novita,standard,false,true,,stop,stop,21890,1332,,wam-desktop
gen-1772167795-sS29BKVUJBuG89XiuR1k,2026-02-27 04:49:55.034,0.000032,,,0,0,2708,271,0,0,liquid/lfm2-8b-a1b,Liquid,standard,false,true,,stop,stop,6299,533,,wam-desktop
gen-1772167795-4UZXJqr9RtviZQgV0mW7,2026-02-27 04:49:55.027,0.000595,,,0,0,1540,513,390,0,deepseek/deepseek-r1-distill-qwen-32b,NextBit,standard,false,true,,stop,stop,20020,1902,,wam-desktop
gen-1772167569-gxfEzmxbChDRSfmmL5Xx,2026-02-27 04:46:09.689,0.000172,,,0,0,5013,552,0,0,meta-llama/llama-3-8b-instruct,DeepInfra,standard,false,true,,stop,stop,11771,776,,wam-desktop
gen-1772166123-rKslmoek5osT8jMDPYFa,2026-02-27 04:22:03.620,0.000336,,,0,0,7535,919,0,0,liquid/lfm-2-24b-a2b-20260224,Together,standard,false,true,,stop,stop,10343,349,,wam-desktop
gen-1772165998-T6xurOucgjDF1Zhdlc4v,2026-02-27 04:19:58.597,0.00011,,,0,0,5025,491,0,0,meta-llama/llama-3.2-3b-instruct,DeepInfra,standard,false,true,,stop,stop,30529,1123,,wam-desktop
gen-1772165998-B9MOOUrMPzhRWc3UZ70S,2026-02-27 04:19:58.597,0.000503,,,0,0,4340,3905,0,0,ibm-granite/granite-4.0-h-micro,Cloudflare,standard,false,true,,stop,stop,119400,1182,,wam-desktop
gen-1772165998-Bpau25tHTQ4pjO6CwPto,2026-02-27 04:19:58.556,0.00022,,,0,0,4370,120,0,0,meta-llama/llama-3.2-11b-vision-instruct,DeepInfra,standard,false,true,,stop,stop,17759,1019,,wam-desktop
gen-1772165773-omG1JSuUlD6zRYbFr0Gw,2026-02-27 04:16:13.451,0.000146,,,0,0,4185,513,0,0,meta-llama/llama-3-8b-instruct,DeepInfra,standard,false,true,,stop,stop,11092,627,,wam-desktop
gen-1772165711-RJ8EHcfspG0MT0FHowwX,2026-02-27 04:15:11.219,0.000236,,,0,0,5208,709,0,0,meta-llama/llama-3-8b-instruct,Novita,standard,false,true,,stop,stop,8905,1020,,wam-desktop
gen-1772164145-gYBVkymNEZ67DCMdVijj,2026-02-27 03:49:05.833,0.000208,,,0,0,8635,884,0,0,google/gemma-3n-e4b-it,Together,standard,false,true,,stop,stop,20202,2599,,wam-desktop
gen-1772164068-uSZXepkelLgZ3ep6K2nm,2026-02-27 03:47:48.889,0.023372,,-0.001527,0,0,3410,978,636,679,x-ai/grok-4-07-09,xAI,standard,false,true,,completed,stop,20243,13809,,wam-desktop
gen-1772164068-Ak2Zhye5GqdnM3PrbXca,2026-02-27 03:47:48.887,0.000108,,,0,0,3474,107,0,0,meta-llama/llama-3-8b-instruct,DeepInfra,standard,false,true,,stop,stop,2469,525,,wam-desktop
gen-1772164068-OiZrzI47OQui6lUkT4Z6,2026-02-27 03:47:48.846,0.000086,,,0,0,4415,2116,0,0,liquid/lfm2-8b-a1b,Liquid,standard,false,true,,,,60248,637,,wam-desktop
gen-1772163852-n0TpYrFOg7DN9gyzawOx,2026-02-27 03:44:12.644,0.068158,,,0,0,76322,966,0,0,switchpoint/router,Switchpoint,standard,false,true,,stop,stop,24850,20998,,wam-desktop
gen-1772163829-GlGyjLquk4RAtnymJGl7,2026-02-27 03:43:49.788,0.00068,,-0.00009,0,0,402,1301,1139,401,x-ai/grok-3-mini,xAI,standard,false,true,,completed,stop,12672,268,Arbiter conflict-detection,wam-laptop
gen-1772163824-2z4hKZPocnWXdUFkEhsV,2026-02-27 03:43:44.151,0.000101,,,0,0,406,135,0,0,qwen/qwen-2.5-72b-instruct,DeepInfra,standard,false,true,,stop,stop,4841,131,Arbiter conflict-detection,wam-laptop
gen-1772163822-s5W0Xw5mnrcX9b9PYufw,2026-02-27 03:43:42.550,0.000104,,,,0,425,156,0,0,google/gemini-2.0-flash-001,Google,standard,false,true,,STOP,stop,1435,488,Arbiter conflict-detection,wam-laptop
gen-1772163810-QcoVS18qaFI0btIL7HLv,2026-02-27 03:43:30.906,0.000341,,-0.000085,0,0,379,625,587,378,x-ai/grok-3-mini,xAI,standard,false,true,,completed,stop,6062,318,Arbiter conflict-detection,wam-laptop
gen-1772163809-vyxvhPMIjshRTOUjNAee,2026-02-27 03:43:29.761,0.000062,,,0,0,382,42,0,0,qwen/qwen-2.5-72b-instruct,DeepInfra,standard,false,true,,stop,stop,1030,138,Arbiter conflict-detection,wam-laptop
gen-1772163809-LWFF8A6QrLk0J9XnVhJg,2026-02-27 03:43:29.031,0.000058,,,0,0,400,47,0,0,google/gemini-2.0-flash-001,Google AI Studio,standard,false,true,,STOP,stop,635,414,Arbiter conflict-detection,wam-laptop
gen-1772163769-C4Ol1UVKc6sdMCO8TUOu,2026-02-27 03:42:49.573,0.000381,,-0.000088,0,0,396,703,539,395,x-ai/grok-3-mini,xAI,standard,false,true,,completed,stop,6936,418,Arbiter conflict-detection,wam-laptop
gen-1772163765-omWZB660Xa2piK2lL46D,2026-02-27 03:42:45.971,0.000106,,,0,0,398,151,0,0,qwen/qwen-2.5-72b-instruct,DeepInfra,standard,false,true,,stop,stop,3421,91,Arbiter conflict-detection,wam-laptop
gen-1772163764-mToTifNu8kYtJqaJo6DQ,2026-02-27 03:42:44.183,0.000131,,,,0,419,224,0,0,google/gemini-2.0-flash-001,Google,standard,false,true,,STOP,stop,1627,256,Arbiter conflict-detection,wam-laptop
gen-1772163756-yOa47lg3wP4XHTk0QOtE,2026-02-27 03:42:36.695,0.000059,,,,0,410,47,0,0,google/gemini-2.0-flash-001,Google,standard,false,true,,STOP,stop,574,336,Arbiter conflict-detection,wam-laptop
gen-1772163754-HQgY2qm8kaogaz7fXdsc,2026-02-27 03:42:34.038,0.000111,,,,0,425,172,0,0,google/gemini-2.0-flash-001,Google,standard,false,true,,STOP,stop,1657,310,Arbiter conflict-detection,wam-laptop
gen-1772163751-z4TFJn6jZIsuzK0pHthz,2026-02-27 03:42:31.546,0.000103,,,,0,514,131,0,0,google/gemini-2.0-flash-001,Google,standard,false,true,,STOP,stop,1329,291,Arbiter conflict-detection,wam-laptop
gen-1772163722-NbmQB1pb8n58lJUZ7WDG,2026-02-27 03:42:02.855,0.000859,,-0.000001,0,0,491,1427,1367,5,x-ai/grok-3-mini,xAI,standard,false,true,,completed,stop,16380,758,Arbiter conflict-detection,wam-laptop
gen-1772163719-3lh6QW95opjwWMkk9bUw,2026-02-27 03:41:59.542,0.000196,,,0,0,514,362,0,0,google/gemini-2.0-flash-001,Google AI Studio,standard,false,true,,STOP,stop,3063,440,Arbiter conflict-detection,wam-laptop
gen-1772163682-p2XdNAuCKfl9rYAW0nIz,2026-02-27 03:41:22.356,0.001252,,-0.000024,0,0,488,2261,1978,107,x-ai/grok-3-mini,xAI,standard,false,true,,completed,stop,22000,699,Arbiter conflict-detection,wam-laptop
gen-1772163679-SFMBJwzQHAZ4Qk8x1jHN,2026-02-27 03:41:19.902,0.000123,,,,0,511,182,0,0,google/gemini-2.0-flash-001,Google,standard,false,true,,STOP,stop,2305,960,Arbiter conflict-detection,wam-laptop
gen-1772163659-IaixneQNUhi2ZS7fys0L,2026-02-27 03:40:59.921,0.000865,,-0.000014,0,0,516,1449,960,63,x-ai/grok-3-mini,xAI,standard,false,true,,completed,stop,14477,788,Arbiter conflict-detection,wam-laptop
gen-1772163653-xK0Bx80Kux2flR5TYHXB,2026-02-27 03:40:53.344,0.00042,,,,0,540,915,0,0,google/gemini-2.0-flash-001,Google,standard,false,true,,STOP,stop,6501,315,Arbiter conflict-detection,wam-laptop
gen-1772163628-F8M3p616WAU2bfrY7b6z,2026-02-27 03:40:28.476,0.00059,,-0.000001,0,0,402,943,782,5,x-ai/grok-3-mini,xAI,standard,false,true,,completed,stop,11317,1128,Arbiter conflict-detection,wam-laptop
gen-1772163624-naBXP3SLSOjsx4G8XbsB,2026-02-27 03:40:24.332,0.0001,,,0,0,406,132,0,0,qwen/qwen-2.5-72b-instruct,DeepInfra,standard,false,true,,stop,stop,4028,123,Arbiter conflict-detection,wam-laptop
gen-1772163622-EjPilGIdQFinwHfbnjyj,2026-02-27 03:40:22.531,0.00011,,,0,0,425,170,0,0,google/gemini-2.0-flash-001,Google AI Studio,standard,false,true,,STOP,stop,1720,482,Arbiter conflict-detection,wam-laptop
gen-1772163608-PNa8dE0D7wsbn4TNPjQ3,2026-02-27 03:40:08.935,0.000448,,-0.000001,0,0,379,671,633,5,x-ai/grok-3-mini,xAI,standard,false,true,,completed,stop,7224,1197,Arbiter conflict-detection,wam-laptop
gen-1772163607-c7YsBBiTHkCKKfvoHFa9,2026-02-27 03:40:07.606,0.00016,,,0,0,382,38,0,0,qwen/qwen-2.5-72b-instruct,Novita,standard,false,true,,stop,stop,1176,342,Arbiter conflict-detection,wam-laptop
gen-1772163606-t85Nkvj7W2Aqj8PQl821,2026-02-27 03:40:06.809,0.000059,,,0,0,400,48,0,0,google/gemini-2.0-flash-001,Google AI Studio,standard,false,true,,STOP,stop,621,381,Arbiter conflict-detection,wam-laptop
gen-1772163597-VLowp3GaFL3ffO93cjLX,2026-02-27 03:39:57.109,0.000504,,-0.000001,0,0,396,774,604,5,x-ai/grok-3-mini,xAI,standard,false,true,,completed,stop,7767,674,Arbiter conflict-detection,wam-laptop
gen-1772163593-DdIDe9KSlaHs8J5pMwkH,2026-02-27 03:39:53.813,0.000103,,,0,0,398,142,0,0,qwen/qwen-2.5-72b-instruct,DeepInfra,standard,false,true,,stop,stop,3102,57,Arbiter conflict-detection,wam-laptop
gen-1772163591-Mf8jIlR4kMDFSaEjEjVv,2026-02-27 03:39:51.081,0.000132,,,,0,419,226,0,0,google/gemini-2.0-flash-001,Google,standard,false,true,,STOP,stop,2014,367,Arbiter conflict-detection,wam-laptop
gen-1772163585-2SGVhbdvh5INmWscWsSR,2026-02-27 03:39:44.966,0.000059,,,0,0,410,47,0,0,google/gemini-2.0-flash-001,Google AI Studio,standard,false,true,,STOP,stop,725,553,Arbiter conflict-detection,wam-laptop
gen-1772163582-piDf2Qz5lPw9UBAnIMEK,2026-02-27 03:39:42.416,0.000111,,,,0,425,172,0,0,google/gemini-2.0-flash-001,Google,standard,false,true,,STOP,stop,1557,289,Arbiter conflict-detection,wam-laptop
gen-1772163579-54GNo8xtbwUTxAyt62qj,2026-02-27 03:39:39.549,0.000063,,,,0,514,30,0,0,google/gemini-2.0-flash-001,Google,standard,false,true,,STOP,stop,487,320,Arbiter conflict-detection,wam-laptop
gen-1772163199-KfQJQvDONgVPzJ9WG3ky,2026-02-27 03:33:18.993,0.010386,,,0,0,7859,5735,5367,0,z-ai/glm-4.7-20251222,Io Net,standard,false,true,,stop,stop,287635,1331,arbiter-scourer,wam-laptop
gen-1772163137-yhOm7UHHDzAd116JueaX,2026-02-27 03:32:17.844,0.001264,,,0,0,7194,1028,0,0,qwen/qwen3-235b-a22b-07-25,SiliconFlow,standard,false,true,,stop,stop,54555,4849,arbiter-scourer,wam-laptop
gen-1772163097-zRkc6MlaNUm30qAy4vJX,2026-02-27 03:31:37.146,0.002619,,-0.000022,0,0,7155,2422,1532,153,x-ai/grok-4.1-fast,xAI,standard,false,true,,completed,stop,32645,1226,arbiter-scourer,wam-laptop
gen-1772162997-eP8BMh2Gu6UgV4pgGK2H,2026-02-27 03:29:57.485,0.002774,,-0.000022,0,0,5895,3236,2513,153,x-ai/grok-4.1-fast,xAI,standard,false,true,,completed,stop,23852,655,arbiter-scourer,wam-laptop
gen-1772162995-CdUnoKz6xc2I1BllfSI8,2026-02-27 03:29:55.534,0.003245,,,0,0,5871,3952,1967,0,deepseek/deepseek-v3.2-20251201,SiliconFlow,standard,false,true,,stop,stop,92078,15507,arbiter-scourer,wam-laptop
gen-1772162932-IFdBITLKBT4f8P1gX84K,2026-02-27 03:28:51.984,0.001953,,,0,0,5077,1668,0,0,deepseek/deepseek-v3.2-20251201,AtlasCloud,standard,false,true,,stop,stop,40813,1592,arbiter-scourer,wam-laptop
gen-1772162228-5YtjGHRJEvukWpBcG3ym,2026-02-27 03:17:08.576,0.000145,,,0,0,12588,992,0,0,liquid/lfm2-8b-a1b,Liquid,standard,false,true,,stop,stop,22574,886,,wam-desktop
gen-1772162214-GS1cLxL8bpde35vYFmYC,2026-02-27 03:16:54.574,0.000082,,,0,0,860,492,0,0,mistralai/mistral-small-24b-instruct-2501,DeepInfra,standard,false,true,,stop,stop,8812,444,,wam-desktop
gen-1772162214-rEesfcG3OAcMsx5HeEsN,2026-02-27 03:16:54.571,0.000165,,,0,0,1100,110,0,0,google/gemma-3-27b-it,Phala,standard,false,true,,stop,stop,2489,385,,wam-desktop
gen-1772162214-yAiIx4myteDl96R9Ar80,2026-02-27 03:16:54.510,0.000798,,,0,0,4358,831,0,0,qwen/qwen3-vl-32b-instruct,Alibaba,standard,false,true,,stop,stop,12858,906,,wam-desktop
gen-1772161555-GwcSXY0fSPmMiAVHGXXZ,2026-02-27 03:05:55.483,0.001535,,,0,0,29879,1946,934,0,openai/gpt-oss-120b,DeepInfra,standard,false,true,,stop,stop,19923,1398,arbiter-scourer,wam-laptop
gen-1772161478-J1bAXtpftIG6kemkuJYh,2026-02-27 03:04:38.728,0,,,0,0,29323,1673,0,0,arcee-ai/trinity-large-preview,Arcee AI,free,false,true,,stop,stop,67030,1950,arbiter-scourer,wam-laptop
gen-1772161305-z4uiSxuYOWKbfasBmFTQ,2026-02-27 03:01:45.622,0.000668,,-0.000024,0,0,428,1128,1084,108,x-ai/grok-3-mini,xAI,standard,false,true,,completed,stop,11659,637,Arbiter conflict-detection,wam-laptop
gen-1772161304-mJXQdYo99EPLxf8Zmk4M,2026-02-27 03:01:44.961,0.000057,,,0,0,450,30,0,0,google/gemini-2.0-flash-001,Google AI Studio,standard,false,true,,STOP,stop,536,453,Arbiter conflict-detection,wam-laptop
gen-1772161281-baZ4TyAeZGuXUZAzjG1F,2026-02-27 03:01:21.402,0.000851,,-0.000024,0,0,483,1462,1414,107,x-ai/grok-3-mini,xAI,standard,false,true,,completed,stop,14931,739,Arbiter conflict-detection,wam-laptop
gen-1772161279-JIn8mGAhuLAg9s5ULFar,2026-02-27 03:01:19.121,0.000151,,,0,0,515,249,0,0,google/gemini-2.0-flash-001,Google AI Studio,standard,false,true,,STOP,stop,2074,478,Arbiter conflict-detection,wam-laptop
gen-1772161246-Gr1Rnh1lgCPKxY9sDF2L,2026-02-27 03:00:46.051,0.001183,,-0.000014,0,0,491,2100,1792,63,x-ai/grok-3-mini,xAI,standard,false,true,,completed,stop,22897,741,Arbiter conflict-detection,wam-laptop
gen-1772161243-imaiFxkzXKzFqkAa2LhU,2026-02-27 03:00:43.253,0.000177,,,0,0,514,315,0,0,google/gemini-2.0-flash-001,Google AI Studio,standard,false,true,,STOP,stop,2699,456,Arbiter conflict-detection,wam-laptop
gen-1772161229-0z1a4Wn6j7P8PmcatXja,2026-02-27 03:00:29.685,0.028946,,0,0,0,27837,5566,2460,1,z-ai/glm-4.7-20251222,Z.AI,standard,false,true,,stop,stop,209613,16525,arbiter-scourer,wam-laptop
gen-1772161210-sKxkdY15VjQKDVrU5IY5,2026-02-27 03:00:10.115,0.001066,,-0.000024,0,0,488,1889,1604,107,x-ai/grok-3-mini,xAI,standard,false,true,,completed,stop,20159,726,Arbiter conflict-detection,wam-laptop
gen-1772161207-Netem2BGbA6IRwPVE3zV,2026-02-27 03:00:07.759,0.000151,,,0,0,511,251,0,0,google/gemini-2.0-flash-001,Google AI Studio,standard,false,true,,STOP,stop,2192,512,Arbiter conflict-detection,wam-laptop
gen-1772161196-NYrD26Cs7kJCU0XGn2bO,2026-02-27 02:59:56.808,0.006064,,,0,0,27467,951,0,0,qwen/qwen3-235b-a22b-07-25,Together,standard,false,true,,stop,stop,23141,2723,arbiter-scourer,wam-laptop
gen-1772161184-8lTJaTnDbW91i6NEAqrj,2026-02-27 02:59:44.155,0.001035,,-0.000014,0,0,516,1789,1355,63,x-ai/grok-3-mini,xAI,standard,false,true,,completed,stop,16736,669,Arbiter conflict-detection,wam-laptop
gen-1772161179-zmGLjW0Hx4wLYL3nhP6w,2026-02-27 02:59:39.570,0.00031,,,,0,540,642,0,0,google/gemini-2.0-flash-001,Google,standard,false,true,,STOP,stop,4511,426,Arbiter conflict-detection,wam-laptop
gen-1772161165-Z1HZyEarLvWyIJ3PNnwh,2026-02-27 02:59:25.939,0.004324,,,0,0,28134,695,0,0,mistralai/mistral-nemo,Mistral,standard,false,true,,stop,stop,8948,1838,arbiter-scourer,wam-laptop
gen-1772161155-XmEnFJTzJuqfzrbUiPRu,2026-02-27 02:59:15.972,0.000596,,-0.00002,0,0,402,994,855,93,x-ai/grok-3-mini,xAI,standard,false,true,,completed,stop,9813,684,Arbiter conflict-detection,wam-laptop
gen-1772161152-Of5QUO7jO0hr1UDBT6Xl,2026-02-27 02:59:12.556,0.000098,,,0,0,406,128,0,0,qwen/qwen-2.5-72b-instruct,DeepInfra,standard,false,true,,stop,stop,3288,252,Arbiter conflict-detection,wam-laptop
gen-1772161150-Ik3xd3S5EHAc2zc8Vl8z,2026-02-27 02:59:10.811,0.000108,,,,0,425,166,0,0,google/gemini-2.0-flash-001,Google,standard,false,true,,STOP,stop,1598,411,Arbiter conflict-detection,wam-laptop
gen-1772161137-09HaXFO9ANHUkFO78swj,2026-02-27 02:58:57.615,0.000497,,-0.000001,0,0,379,769,731,5,x-ai/grok-3-mini,xAI,standard,false,true,,completed,stop,7186,743,Arbiter conflict-detection,wam-laptop
gen-1772161136-ANslfI4kWGSoyn6QlXsk,2026-02-27 02:58:56.598,0.00006,,,0,0,382,38,0,0,qwen/qwen-2.5-72b-instruct,DeepInfra,standard,false,true,,stop,stop,872,145,Arbiter conflict-detection,wam-laptop
gen-1772161135-Nagdg8SCmfkzxCmkAgTh,2026-02-27 02:58:55.743,0.000058,,,0,0,400,47,0,0,google/gemini-2.0-flash-001,Google AI Studio,standard,false,true,,STOP,stop,746,520,Arbiter conflict-detection,wam-laptop
gen-1772161125-GP1GiBCUKjCiFAQ3LRVv,2026-02-27 02:58:45.739,0.000502,,-0.00002,0,0,396,809,642,93,x-ai/grok-3-mini,xAI,standard,false,true,,completed,stop,7930,691,Arbiter conflict-detection,wam-laptop
gen-1772161122-Lsl52MIGDBarg7rGUW3c,2026-02-27 02:58:42.180,0.00011,,,0,0,398,160,0,0,qwen/qwen-2.5-72b-instruct,DeepInfra,standard,false,true,,stop,stop,3339,132,Arbiter conflict-detection,wam-laptop
gen-1772161120-c2RX0JLZ9CKjVFE3UFzH,2026-02-27 02:58:40.090,0.000138,,,0,0,419,242,0,0,google/gemini-2.0-flash-001,Google AI Studio,standard,false,true,,STOP,stop,1994,467,Arbiter conflict-detection,wam-laptop
gen-1772161110-YvYF7afZ7ot4v75xR4Kt,2026-02-27 02:58:30.064,0.000059,,,,0,410,47,0,0,google/gemini-2.0-flash-001,Google,standard,false,true,,STOP,stop,598,300,Arbiter conflict-detection,wam-laptop
gen-1772161107-IaQeOARP27nCKsw9yIxo,2026-02-27 02:58:27.570,0.000122,,,,0,425,199,0,0,google/gemini-2.0-flash-001,Google,standard,false,true,,STOP,stop,1715,324,Arbiter conflict-detection,wam-laptop
gen-1772161104-fjLm5YhI4h8aPTXvZzEE,2026-02-27 02:58:24.838,0.000155,,,,0,514,261,0,0,google/gemini-2.0-flash-001,Google,standard,false,true,,STOP,stop,1948,335,Arbiter conflict-detection,wam-laptop
gen-1772161081-cR14UmmMBs4x6ODIx2yF,2026-02-27 02:58:01.637,0.001021,,-0.000001,0,0,465,1766,1450,5,x-ai/grok-3-mini,xAI,standard,false,true,,completed,stop,17617,703,Arbiter conflict-detection,wam-laptop
gen-1772161077-En8cz08plUBmr5FHhB4C,2026-02-27 02:57:57.094,0.000114,,,0,0,473,149,0,0,qwen/qwen-2.5-72b-instruct,DeepInfra,standard,false,true,,stop,stop,4444,252,Arbiter conflict-detection,wam-laptop
gen-1772161075-ZuwriDjo456vg1airKDc,2026-02-27 02:57:55.078,0.000113,,,0,0,494,161,0,0,google/gemini-2.0-flash-001,Google AI Studio,standard,false,true,,STOP,stop,1512,714,Arbiter conflict-detection,wam-laptop
gen-1772161053-uL9OntBFBl1VFrmMdAc5,2026-02-27 02:57:33.081,0.000884,,-0.000001,0,0,492,1477,1290,5,x-ai/grok-3-mini,xAI,standard,false,true,,completed,stop,14761,661,Arbiter conflict-detection,wam-laptop
gen-1772161051-tyawAYTl7IY8kVog0O0F,2026-02-27 02:57:31.562,0.000082,,,0,0,499,59,0,0,qwen/qwen-2.5-72b-instruct,DeepInfra,standard,false,true,,stop,stop,1324,129,Arbiter conflict-detection,wam-laptop
gen-1772161049-HcrZXZcaiIKMapF02dAO,2026-02-27 02:57:29.751,0.000134,,,0,0,521,205,0,0,google/gemini-2.0-flash-001,Google AI Studio,standard,false,true,,STOP,stop,1629,520,Arbiter conflict-detection,wam-laptop
gen-1772161032-Lb2GDqQMcZJluQ0bCfg5,2026-02-27 02:57:12.534,0.000797,,-0.000001,0,0,423,1344,1045,5,x-ai/grok-3-mini,xAI,standard,false,true,,completed,stop,14352,643,Arbiter conflict-detection,wam-laptop
gen-1772161031-SayNUKuKeiMJ5tOCFfUL,2026-02-27 02:57:11.183,0.000067,,,0,0,428,42,0,0,qwen/qwen-2.5-72b-instruct,DeepInfra,standard,false,true,,stop,stop,1032,172,Arbiter conflict-detection,wam-laptop
gen-1772161029-3Hbn7LLrWwcRbebSjPec,2026-02-27 02:57:09.575,0.000115,,,,0,447,177,0,0,google/gemini-2.0-flash-001,Google,standard,false,true,,STOP,stop,1466,352,Arbiter conflict-detection,wam-laptop
gen-1772160405-eG7OxHNQWocxfd4OAb2D,2026-02-27 02:46:45.682,0.000239,,,0,0,5023,226,0,0,mistralai/mistral-nemo,Novita,standard,false,true,,stop,stop,7255,1210,,wam-desktop
gen-1772160405-vRBu1E66HCxy5n2CK5eD,2026-02-27 02:46:45.680,0.000312,,,0,0,1052,690,0,0,mistralai/voxtral-small-24b-2507,Mistral,standard,false,true,,stop,stop,4206,307,,wam-desktop
gen-1772160405-vwrzlpvcPqqvs5F1ldik,2026-02-27 02:46:45.673,0.000049,,,0,0,4193,373,0,0,liquid/lfm-2.2-6b,Liquid,standard,false,true,,stop,stop,2146,568,,wam-desktop
gen-1772160190-GtUeAiRyXCtDGA4CORgJ,2026-02-27 02:43:10.349,0.013919,,,0,0,52369,2204,785,0,qwen/qwen3-14b-04-28,Alibaba,standard,false,true,,stop,stop,53631,11108,,wam-desktop
gen-1772160143-yvtIOa8DCPIJSp8e0LTr,2026-02-27 02:42:22.966,0.011762,,-0.000008,0,0,24203,4100,1090,32,minimax/minimax-m2.5-20260211,Inceptron,standard,false,true,,stop,stop,49551,1374,arbiter-scourer,wam-laptop
gen-1772160111-ezmX7IFLbpSJB2ZN8tIi,2026-02-27 02:41:51.021,0.007491,,,0,0,24068,1168,0,0,meta-llama/llama-4-maverick-17b-128e-instruct,Together,standard,false,true,,stop,stop,20870,748,arbiter-scourer,wam-laptop
gen-1772160073-t84YScXejzceev97bxdf,2026-02-27 02:41:13.078,0.006321,,-0.000019,0,0,23344,3343,1926,128,x-ai/grok-4.1-fast,xAI,standard,false,true,,completed,stop,26325,1109,arbiter-scourer,wam-laptop
gen-1772160015-jbjQF0Yz82d1TxAO2YTE,2026-02-27 02:40:14.968,0.006762,,,0,0,22799,2196,0,0,deepseek/deepseek-v3.2-20251201,AtlasCloud,standard,false,true,,stop,stop,41790,2653,arbiter-scourer,wam-laptop
gen-1772159326-jvhzFZSAkcYzadleKBIz,2026-02-27 02:28:45.947,0,,,0,0,27055,10279,8410,0,upstage/solar-pro-3,Upstage,free,true,true,,,,682850,3151,arbiter-scourer,wam-laptop
gen-1772158988-7Y6Sd0absa2uTTiTdXL8,2026-02-27 02:23:08.818,0.053495,,,0,0,22536,3372,3209,0,deepseek/deepseek-r1,Azure,standard,false,true,,stop,stop,51223,4176,arbiter-scourer,wam-laptop
gen-1772158510-dC9xgWnIgQnwjGjJLuig,2026-02-27 02:15:10.414,0.000729,,,0,0,14023,856,0,0,meta-llama/llama-3.2-11b-vision-instruct,DeepInfra,standard,false,true,,stop,stop,141696,657,,wam-desktop
gen-1772158492-OAABXvY1C8nINAolf3tA,2026-02-27 02:14:52.752,0.000102,,,0,0,5095,5,0,0,meta-llama/llama-guard-3-8b,Nebius,standard,false,true,,stop,stop,1039,950,,wam-desktop
gen-1772158492-PbXndMtWtJcx73zUj6ZN,2026-02-27 02:14:52.736,0.000178,,,0,0,4345,118,0,0,meta-llama/llama-3-8b-instruct,Novita,standard,false,true,,stop,stop,1926,754,,wam-desktop
gen-1772158492-4VZmgKv0wKv6wqUupoXd,2026-02-27 02:14:52.697,0.000279,,,0,0,5028,140,0,0,qwen/qwen-turbo-2024-11-01,Alibaba,standard,false,true,,stop,stop,3523,740,,wam-desktop
gen-1772156646-S2GDbFdbzSKmP5DymXTl,2026-02-27 01:44:05.934,0.029405,,,0,0,8674,772,0,0,inflection/inflection-3-productivity,Inflection,standard,false,true,,,,12567,1758,,wam-desktop
gen-1772156631-MGRFv8YFtBOer1InKQoq,2026-02-27 01:43:51.037,0.000461,,,0,0,3684,232,0,0,openai/gpt-4.1-nano-2025-04-14,OpenAI,standard,false,true,,completed,stop,2180,610,,wam-desktop
gen-1772156631-6rRimeWplU83pzs2BLK8,2026-02-27 01:43:51.030,0.001007,,,0,0,1359,445,0,0,google/gemini-3.1-flash-image-preview-20260226,Google AI Studio,standard,false,true,,STOP,stop,2869,892,,wam-desktop
gen-1772156631-NIl2tD5UoAKSPXOaDisZ,2026-02-27 01:43:50.995,0.00091,,,0,0,4364,189,0,0,qwen/qwen-2-vl-7b-instruct,Hyperbolic,standard,false,true,,stop,stop,3802,597,,wam-desktop
gen-1772154905-ZiUB6GbvcP9EwIxZkdPC,2026-02-27 01:15:05.200,0.001501,,,0,0,10602,1198,0,0,google/gemma-3-27b-it,Novita,standard,false,true,,stop,stop,57776,1546,,wam-desktop
gen-1772154832-WsF61sWyqOE9RXrQiEzZ,2026-02-27 01:13:52.438,0.000473,,,0,0,1104,296,0,0,kwaipilot/kat-coder-pro-v1,AtlasCloud,standard,false,true,,stop,stop,4783,745,,wam-desktop
gen-1772154832-wbh1EPMaK2XKVBCJga9F,2026-02-27 01:13:52.419,0.00014,,,0,0,3149,88,0,0,mistralai/mistral-nemo,Novita,standard,false,true,,stop,stop,3583,1248,,wam-desktop
gen-1772154832-d7H2hmXFXGTAmUSO4ROL,2026-02-27 01:13:52.417,0.000331,,,0,0,1297,1056,783,0,qwen/qwen3-14b-04-28,NextBit,standard,false,true,,stop,stop,50424,1124,,wam-desktop
gen-1772154608-CWZGP8KLcDAi4j9QHUUc,2026-02-27 01:10:08.885,0.000053,,,0,0,2578,31,0,0,meta-llama/llama-guard-3-8b,Nebius,standard,false,true,,stop,stop,1237,538,,wam-desktop
gen-1772154552-QJ2WKfqvPR6vy8GMUyZY,2026-02-27 01:09:12.029,0,,,0,0,81481,0,0,0,google/gemma-3-27b-it,Novita,standard,false,true,,,,2324,2324,,wam-desktop
gen-1772152923-iV28ugqGLKaRcD71FJvo,2026-02-27 00:42:03.127,0.000075,,,0,0,6011,762,0,0,liquid/lfm-2.2-6b,Liquid,standard,false,true,,stop,stop,3899,608,,wam-desktop
gen-1772152907-qFBG87OwrI02t4vNFLBX,2026-02-27 00:41:47.215,0.00005,,,0,0,4443,325,0,0,liquid/lfm2-8b-a1b,Liquid,standard,false,true,,stop,stop,10402,3756,,wam-desktop
gen-1772152907-YsaUVXebN3HiyGvv27dV,2026-02-27 00:41:47.204,0.000047,,,0,0,1380,142,0,0,meta-llama/llama-3-8b-instruct,DeepInfra,standard,false,true,,stop,stop,2501,242,,wam-desktop
gen-1772152907-16T4IYz6tF9JDSMU1pJW,2026-02-27 00:41:47.174,0.000247,,,0,0,2116,2048,0,0,qwen/qwen2.5-coder-7b-instruct,Nebius,standard,false,true,,length,length,8557,312,,wam-desktop
gen-1772152693-kGV3SJeLCglZsdEwU6YG,2026-02-27 00:38:13.680,0.000168,,,0,0,4905,527,0,0,meta-llama/llama-3-8b-instruct,DeepInfra,standard,false,true,,stop,stop,10266,530,,wam-desktop
gen-1772151195-QtqIzYrIlH89SsZIIpln,2026-02-27 00:13:15.535,0.002693,,,0,0,7333,840,0,0,meta-llama/llama-4-maverick-17b-128e-instruct,Novita,standard,false,true,,stop,stop,11980,277,,wam-desktop
gen-1772151048-JkelNVqxTNm835k5ogGO,2026-02-27 00:10:47.977,0.000063,,,0,0,1608,1570,0,0,meta-llama/llama-3.2-3b-instruct,DeepInfra,standard,false,true,,stop,stop,85897,491,,wam-desktop
gen-1772151048-a8JZ275kavT1WFHAoQGV,2026-02-27 00:10:47.956,0.000737,,,0,0,4995,793,0,0,qwen/qwen3-30b-a3b-instruct-2507,Nebius,standard,false,true,,stop,stop,10023,557,,wam-desktop
gen-1772151047-QXIzMEN4jKu5lG5n7PH8,2026-02-27 00:10:47.910,0.0001,,,0,0,4535,156,0,0,meta-llama/llama-3.1-8b-instruct,Nebius,standard,false,true,,stop,stop,3122,623,,wam-desktop
gen-1772149247-8eg5QNmDmX3gWAF3zkUh,2026-02-26 23:40:47.711,0.000856,,,0,0,4835,933,616,0,nvidia/llama-3.3-nemotron-super-49b-v1.5,DeepInfra,standard,false,true,,stop,stop,11917,432,,wam-desktop
gen-1772149247-WuTvjOfL0QWF0HKDh2cQ,2026-02-26 23:40:47.708,0.000261,,,0,0,5054,4000,0,0,google/gemma-3n-e4b-it,Together,standard,false,true,,length,length,83034,723,,wam-desktop
gen-1772149247-PawxBZkfXwiCZU8APrVA,2026-02-26 23:40:47.620,0.000025,,,0,0,1224,19,0,0,meta-llama/llama-guard-3-8b,Nebius,standard,false,true,,stop,stop,1320,788,,wam-desktop
gen-1772149023-8RRrd8kuKmsr51CQS9h0,2026-02-26 23:37:03.400,0.000047,,,0,0,2679,1055,0,0,liquid/lfm2-8b-a1b,Liquid,standard,false,true,,stop,stop,24030,487,,wam-desktop
gen-1772148974-VdjKl5Ebl8kP5iCWuJpj,2026-02-26 23:36:13.913,0.037216,,-0.000001,0,0,175383,1103,0,6,kwaipilot/kat-coder-pro-v1,Novita,standard,false,true,,stop,stop,45368,21088,,wam-desktop
gen-1772147527-mqnGUwmb6kJdBu4Z5nYO,2026-02-26 23:12:07.138,0.000545,,,0,0,11447,1098,0,0,google/gemma-3-4b-it,DeepInfra,standard,false,true,,stop,stop,12706,664,,wam-desktop
gen-1772147387-5zAd4qrje6dzu0wL03bL,2026-02-26 23:09:47.426,0.000077,,,0,0,3707,177,0,0,meta-llama/llama-3.2-3b-instruct,DeepInfra,standard,false,true,,stop,stop,4245,631,,wam-desktop
gen-1772147387-5UytNndr00VwQTtRmZ6f,2026-02-26 23:09:47.414,0.000507,,,0,0,5016,3841,0,0,ibm-granite/granite-4.0-h-micro,Cloudflare,standard,false,true,,stop,stop,119753,1593,,wam-desktop
gen-1772147387-pwE16OemihkKGMeCLsd1,2026-02-26 23:09:47.384,0.001055,,,0,0,5022,254,0,0,mistralai/ministral-14b-2512,Mistral,standard,false,true,,stop,stop,1942,399,,wam-desktop
gen-1772145545-KHv8PNAnbALwoxWOdxju,2026-02-26 22:39:05.277,0.002364,,,0,0,12331,1120,0,0,tencent/hunyuan-a13b-instruct,SiliconFlow,standard,false,true,,stop,stop,14463,2870,,wam-desktop
gen-1772145524-iqKUNJDU8jqxDzwfGsck,2026-02-26 22:38:44.522,0.002146,,,0,0,3176,50,0,0,qwen/qwen-2.5-coder-32b-instruct,Cloudflare,standard,false,true,,,,2565,1321,,wam-desktop
gen-1772145524-gDZcYLIAm3PkMor0229E,2026-02-26 22:38:44.373,0.000775,,,0,0,5558,731,0,0,mistralai/devstral-small-2507,Mistral,standard,false,true,,stop,stop,2330,442,,wam-desktop
gen-1772145524-rtAMayIGoYs6eDCUH5gM,2026-02-26 22:38:44.190,0.000353,,,0,0,933,278,0,0,meta-llama/llama-4-maverick-17b-128e-instruct,Groq,standard,false,true,,stop,stop,550,148,,wam-desktop
gen-1772143745-XULrmbMKqoqiFpF62Heq,2026-02-26 22:09:05.802,0.000105,,,0,0,9270,650,0,0,liquid/lfm2-8b-a1b,Liquid,standard,false,true,,stop,stop,19621,6041,,wam-desktop
gen-1772143724-ZKifQmBK6xss70b6VBQJ,2026-02-26 22:08:44.541,0.000387,,,0,0,4372,484,366,0,qwen/qwen3-30b-a3b-thinking-2507,Cloudflare,standard,false,true,,stop,stop,8992,341,,wam-desktop
gen-1772143724-aYb7SQPB8gastDqLfCLY,2026-02-26 22:08:44.402,0.002061,,-0.000001,0,0,4956,1151,854,5,x-ai/grok-3-mini,xAI,standard,false,true,,completed,stop,12383,805,,wam-desktop
gen-1772143724-1nORNvC3GJuG6TESvd15,2026-02-26 22:08:44.401,0.000256,,,0,0,5852,280,0,0,google/gemma-3-4b-it,DeepInfra,standard,false,true,,stop,stop,4031,525,,wam-desktop
gen-1772143508-DIBEGPduckiTjD37jm92,2026-02-26 22:05:08.849,0.000144,,,0,0,6663,561,0,0,meta-llama/llama-3.2-3b-instruct,DeepInfra,standard,false,true,,stop,stop,31525,1200,,wam-desktop
gen-1772143450-m9WQrBX8fEnnoMe3XzLH,2026-02-26 22:04:10.856,0.020292,,,,0,196024,1726,0,0,google/gemini-2.5-flash-lite-preview-09-2025,Google AI Studio,standard,false,true,,STOP,stop,6086,2141,,wam-desktop
gen-1772141832-vfPFG33ugu3X4J4FeKCF,2026-02-26 21:37:12.265,0.000223,,,0,0,3824,638,0,0,sao10k/l3-lunaris-8b,Novita,standard,false,true,,stop,stop,24481,1741,,wam-desktop
gen-1772141806-5U2Xa9wKuepHM9lPFdre,2026-02-26 21:36:46.127,0.002512,,,0,0,4526,166,0,0,openai/gpt-3.5-turbo,OpenAI,standard,false,true,,stop,stop,1989,843,,wam-desktop
gen-1772141806-tXy2NEwKw8AIDa6WoFcz,2026-02-26 21:36:46.118,0.000057,,,0,0,4895,439,0,0,liquid/lfm-2.2-6b,Liquid,standard,false,true,,stop,stop,2875,666,,wam-desktop
gen-1772141806-28JbmJQNH927wfHR4POH,2026-02-26 21:36:46.048,0.000143,,,0,0,1220,213,0,0,z-ai/glm-4-32b-0414,Z.AI,standard,false,true,,stop,stop,3983,2156,,wam-desktop
gen-1772139791-LYhd09bHtn6DZf5tJ0r3,2026-02-26 21:03:11.492,0.000103,,,0,0,8558,909,0,0,liquid/lfm-2.2-6b,Liquid,standard,false,true,,stop,stop,5949,1047,,wam-desktop
gen-1772139760-JCBR8OF4oVXTGUAFQXJG,2026-02-26 21:02:40.808,0.001021,,,0,0,4315,264,0,0,mistralai/mistral-saba-2502,Mistral,standard,false,true,,stop,stop,2128,392,,wam-desktop
gen-1772139760-SLHnxmc56nTkj8w9wjOv,2026-02-26 21:02:40.490,0.001366,,,0,0,1190,841,557,0,minimax/minimax-m2.5-20260211,Friendli,standard,false,true,,stop,stop,12706,256,,wam-desktop
gen-1772139760-ozowcr1t5hOKiYplnePb,2026-02-26 21:02:40.467,0.000052,,,0,0,4892,180,0,0,liquid/lfm2-8b-a1b,Liquid,standard,false,true,,stop,stop,1072,521,,wam-desktop
gen-1772138049-NgINIYE1zs7bQCBtLEYT,2026-02-26 20:34:09.620,0.001517,,,0,0,10520,2428,857,0,bytedance-seed/seed-1.6-flash-20250625,Seed,standard,false,true,,stop,stop,19240,1308,,wam-desktop
gen-1772137911-hcHuqHbAht098v66HrXM,2026-02-26 20:31:51.233,0.000164,,,0,0,3681,386,176,0,openai/gpt-oss-20b,DeepInfra,standard,false,true,,stop,stop,7448,756,,wam-desktop
gen-1772137911-xNjO7Et9WQGIO9e3q0RY,2026-02-26 20:31:51.183,0.001495,,,0,0,4428,2631,1787,0,bytedance-seed/seed-2.0-mini-20260224,Seed,standard,false,true,,stop,stop,98502,1471,,wam-desktop
gen-1772137689-TAF4VBHTjC909tgTW8I5,2026-02-26 20:28:09.710,0.000071,,,0,0,5660,720,0,0,liquid/lfm-2.2-6b,Liquid,standard,false,true,,stop,stop,3835,599,,wam-desktop
gen-1772136004-nrrO0Jmile7KYvfPa4sq,2026-02-26 20:00:04.510,0.000839,,,0,0,5355,1461,299,0,openai/gpt-oss-safeguard-20b,Groq,standard,false,true,,stop,stop,1209,471,,wam-desktop
gen-1772135986-MHs47SSMj0nOY9itB30u,2026-02-26 19:59:46.933,0.000208,,,0,0,795,2048,0,0,qwen/qwen2.5-coder-7b-instruct,Nebius,standard,false,true,,length,length,9598,687,,wam-desktop
gen-1772135986-P11vDXm8inSe6WvYNbBk,2026-02-26 19:59:46.773,0.001554,,,0,0,5555,739,0,0,mistralai/mistral-saba-2502,Mistral,standard,false,true,,stop,stop,4678,387,,wam-desktop
gen-1772135986-CA0TdXsQILpT3iA6ZZLQ,2026-02-26 19:59:46.771,0.0002,,,0,0,1189,372,225,0,bytedance-seed/seed-1.6-flash-20250625,Seed,standard,false,true,,stop,stop,3933,1741,,wam-desktop
gen-1772134213-HFmsAtnchTx2jIyJ1VkF,2026-02-26 19:30:13.317,0.000103,,,0,0,8895,704,0,0,liquid/lfm2-8b-a1b,Liquid,standard,false,true,,stop,stop,2968,672,,wam-desktop
gen-1772134128-SgdrJSVlsp2El5egkvKw,2026-02-26 19:28:48.054,0.000062,,,0,0,5657,318,0,0,liquid/lfm2-8b-a1b,Liquid,standard,false,true,,stop,stop,2018,531,,wam-desktop
gen-1772134128-Och5ZLtjd0LMiODWEaHG,2026-02-26 19:28:48.053,0.000935,,,0,0,5026,763,556,0,qwen/qwen3-8b-04-28,Alibaba,standard,false,true,,stop,stop,24220,822,,wam-desktop
gen-1772134128-YHCX3oMkgxfbmDBFZ4WQ,2026-02-26 19:28:48.014,0.00155,,,0,0,3346,1469,1264,0,nvidia/nemotron-nano-12b-v2-vl,DeepInfra,standard,false,true,,stop,stop,11856,493,,wam-desktop
gen-1772132344-jELp93NULXgKgZYfTCSU,2026-02-26 18:59:04.932,0.004469,,,0,0,10574,769,0,0,meta-llama/llama-4-maverick-17b-128e-instruct,Parasail,standard,false,true,,stop,stop,7176,752,,wam-desktop
gen-1772132322-UCeG64mlYeXckgkfKJQL,2026-02-26 18:58:42.124,0.00078,,,0,0,4983,219,0,0,essentialai/rnj-1-instruct,Together,standard,false,true,,stop,stop,2303,645,,wam-desktop
gen-1772132322-ci9aifiaZuGWWWSmiVOB,2026-02-26 18:58:42.123,0.001574,,-0.000022,0,0,4427,1424,1106,150,x-ai/grok-4.1-fast,xAI,standard,false,true,,completed,stop,9558,843,,wam-desktop
gen-1772132322-LRep26Xc9tXArkeZKLUx,2026-02-26 18:58:42.122,0.000311,,,0,0,804,349,0,0,tencent/hunyuan-a13b-instruct,SiliconFlow,standard,false,true,,stop,stop,4580,1279,,wam-desktop
gen-1772132104-uRQbMuG7OomvwxRVwU3w,2026-02-26 18:55:04.158,0.0067,,,0,0,17800,1800,0,0,anthropic/claude-3-haiku,Anthropic,standard,false,true,,stop,stop,13502,1763,,wam-desktop
gen-1772132051-M537PzGYZVJuw33uf1ia,2026-02-26 18:54:11.790,0.30935,,,0,0,138373,3326,0,0,perplexity/sonar-reasoning-pro,Perplexity,standard,false,true,,stop,stop,46135,4493,,wam-desktop
gen-1772130491-RdnCCp0qYaviPEOunF6a,2026-02-26 18:28:11.844,0.003234,,-0.000022,0,0,11623,1864,420,150,x-ai/grok-4-fast,xAI,standard,false,true,,completed,stop,16900,3816,,wam-desktop
gen-1772130407-VTN57iITpaa9bRwto26q,2026-02-26 18:26:47.629,0.000297,,,0,0,4364,819,583,0,openai/gpt-oss-20b,Novita,standard,false,true,,stop,stop,4460,301,,wam-desktop
gen-1772130407-EZQ0q2dG5P9LgUgvaBdg,2026-02-26 18:26:47.605,0.000343,,,0,0,3173,259,0,0,mistralai/ministral-3b-2512,Mistral,standard,false,true,,stop,stop,1033,278,,wam-desktop
gen-1772130407-FyB31e2PM51lXx78BR3u,2026-02-26 18:26:47.597,0.000766,,,0,0,5028,586,374,0,qwen/qwen3-32b-04-28,Alibaba,standard,false,true,,stop,stop,54497,14192,,wam-desktop
gen-1772130190-2i8on8ZbWr46myx0L4dM,2026-02-26 18:23:10.449,0.000269,,,0,0,4829,563,0,0,sao10k/l3-lunaris-8b,Novita,standard,false,true,,stop,stop,18897,1626,,wam-desktop
gen-1772129083-PArZEDWBHG8VUMWGHVI0,2026-02-26 18:04:43.263,0.030572,,,0,0,20554,9477,7133,0,moonshotai/kimi-k2.5-0127,SiliconFlow,standard,false,true,,stop,stop,372329,4251,arbiter-scourer,wam-laptop
gen-1772129018-0ZbDTsVR6tgms1gdP5ts,2026-02-26 18:03:38.941,0.001203,,,0,0,29,529,380,0,moonshotai/kimi-k2.5-0127,DeepInfra,standard,false,true,,stop,stop,51077,313,,wam-laptop
gen-1772129003-wInahVDqvtjWeelP6sW6,2026-02-26 18:03:23.752,0.000136,,-0.000006,0,0,17,52,55,17,moonshotai/kimi-k2.5-0127,AtlasCloud,standard,false,true,,stop,stop,2421,1403,,wam-laptop
gen-1772128992-QPa6zUpEdLMmC7KB561X,2026-02-26 18:03:12.812,0.000234,,,0,0,20,100,113,0,moonshotai/kimi-k2.5-0127,DeepInfra,standard,false,true,,length,length,3238,684,,wam-laptop
gen-1772128881-Q1nm8YrckLnGyMORpR6I,2026-02-26 18:01:21.692,0.023801,,,0,0,20554,4096,4891,0,moonshotai/kimi-k2.5-0127,Parasail,standard,false,true,,length,length,100199,1520,arbiter-scourer,wam-laptop
gen-1772128570-gGLFLAIkBjuoOomBZAfs,2026-02-26 17:56:10.831,0.002603,,-0.000019,0,0,8740,1750,618,128,x-ai/grok-4.1-fast,xAI,standard,false,true,,completed,stop,17669,714,,wam-desktop
gen-1772128549-kU1cuzttYGRk1Ddt4Yhc,2026-02-26 17:55:48.925,0.001135,,,0,0,4978,939,0,0,qwen/qwen3-30b-a3b-instruct-2507,Alibaba,standard,false,true,,stop,stop,17079,962,,wam-desktop
gen-1772128548-RWrxBvYdJXVF9Kd2j19B,2026-02-26 17:55:48.916,0.000732,,,0,0,4352,1049,836,0,allenai/olmo-3-7b-think-20251121,Parasail,standard,false,true,,stop,stop,14598,464,,wam-desktop
gen-1772128548-u3griekvyi9V5oUbid9z,2026-02-26 17:55:48.912,0.000072,,,0,0,3337,132,0,0,mistralai/mistral-nemo,DeepInfra,standard,false,true,,stop,stop,6087,654,,wam-desktop
gen-1772128488-04SEMWPrKJSC8Vryta83,2026-02-26 17:54:48.803,0.002977,,,0,0,20540,2309,0,0,google/gemini-2.0-flash-001,Google AI Studio,standard,false,true,,STOP,stop,18775,887,arbiter-scourer,wam-laptop
gen-1772128330-NvH4aUmJ1SWGEODfQQIL,2026-02-26 17:52:10.574,0.014545,,,0,0,190533,853,0,0,google/gemini-2.0-flash-lite-001,Google AI Studio,standard,false,true,,STOP,stop,6315,2112,,wam-desktop
gen-1772126826-lzxd58IdjoBZjcgP83fC,2026-02-26 17:27:06.754,0.000226,,,0,0,6023,511,0,0,meta-llama/llama-3.1-8b-instruct,Nebius,standard,false,true,,stop,stop,3385,927,,wam-desktop
gen-1772126742-YZELR1DGJMAGswSYK9IG,2026-02-26 17:25:42.321,0.001425,,,0,0,1103,822,609,0,qwen/qwen3-30b-a3b-thinking-2507,Alibaba,standard,false,true,,stop,stop,16475,1563,,wam-desktop
gen-1772126742-KbQKIGx9HqoFZlwjxsYA,2026-02-26 17:25:42.317,0.000119,,,0,0,3606,272,0,0,meta-llama/llama-3-8b-instruct,DeepInfra,standard,false,true,,stop,stop,8670,439,,wam-desktop
gen-1772126742-jZBklyP4Eics0uFbxtoj,2026-02-26 17:25:42.313,0.000501,,,0,0,1166,544,0,0,cohere/command-r-08-2024,Cohere,standard,false,true,,stop,stop,65970,707,,wam-desktop
gen-1772126526-XATwrX4blLSCc7Q18npr,2026-02-26 17:22:06.182,0.000991,,,0,0,12197,2516,50,0,openai/gpt-oss-120b,Novita,exacto,false,true,,stop,stop,30120,1207,,wam-desktop
gen-1772124845-GV24xfhzpmjVkYZzpLQB,2026-02-26 16:54:05.644,0.000083,,,0,0,6726,828,0,0,liquid/lfm-2.2-6b,Liquid,standard,false,true,,stop,stop,5142,806,,wam-desktop
gen-1772124821-lch3C9vqsOh5aL3o7E6X,2026-02-26 16:53:41.679,0.000944,,,0,0,4558,162,0,16,allenai/molmo-2-8b-20260109,Parasail,standard,false,true,,stop,stop,1690,546,,wam-desktop
gen-1772124821-3vsK3eInoBm6e6dus2C9,2026-02-26 16:53:41.678,0.000522,,,0,0,3300,180,0,0,essentialai/rnj-1-instruct,Together,standard,false,true,,stop,stop,2118,754,,wam-desktop
gen-1772124821-dg2uHnjB6hlTDeiRxhWk,2026-02-26 16:53:41.674,0.000018,,,0,0,880,480,0,0,liquid/lfm-2.2-6b,Liquid,standard,false,true,,stop,stop,2876,329,,wam-desktop
gen-1772124609-Y8VfC6rNnpPSgWObkECx,2026-02-26 16:50:09.428,0.045959,,,0,0,175949,1972,0,0,qwen/qwen3-235b-a22b-07-25,Google,standard,false,true,,STOP,stop,36501,16574,,wam-desktop
gen-1772124548-750H7WfPLEt3lG2GfdkO,2026-02-26 16:49:08.821,0.000571,,,0,0,9537,1120,0,0,mistralai/mistral-nemo,Novita,standard,false,true,,stop,stop,28706,2005,,wam-desktop
gen-1772124127-IBnsGMhwxjUowYLutaAJ,2026-02-26 16:42:07.040,0.077651,,,0,0,137808,39671,38912,0,minimax/minimax-m2.1,AtlasCloud,standard,false,true,,stop,stop,722758,55163,,wam-desktop
gen-1772123773-My4ESoU43IGEUY6aivQk,2026-02-26 16:36:13.865,0.099413,,,0,0,145580,4826,1546,0,moonshotai/kimi-k2-thinking-20251106,AtlasCloud,standard,false,true,,stop,stop,333006,63505,,wam-desktop
gen-1772122211-2CB6gSvNMvMP9dSrdMeM,2026-02-26 16:10:11.177,0.000784,,,0,0,12961,1704,0,0,mistralai/mistral-small-24b-instruct-2501,DeepInfra,standard,false,true,,stop,stop,48463,1296,,wam-desktop
gen-1772122128-JXPjWxTHBVKby91xmztR,2026-02-26 16:08:48.499,0.00017,,,0,0,4534,4000,0,0,meta-llama/llama-3.2-3b-instruct,DeepInfra,standard,false,true,,length,length,77767,560,,wam-desktop
gen-1772122128-2693QoSrmDFPsT9ZpsVE,2026-02-26 16:08:48.314,0.00026,,,0,0,1067,552,352,0,qwen/qwen3-14b-04-28,DeepInfra,standard,false,true,,stop,stop,12566,626,,wam-desktop
gen-1772122128-H7uqo68tsoyAk4EERD47,2026-02-26 16:08:48.302,0.000042,,,0,0,743,1762,0,0,liquid/lfm-2.2-6b,Liquid,standard,false,true,,stop,stop,8802,362,,wam-desktop
gen-1772121909-a9QmNUM8NlPtsA2c6Pxd,2026-02-26 16:05:09.339,0.045352,,,0,0,136650,1743,0,0,amazon/nova-2-lite-v1,Amazon Bedrock,standard,false,true,,stop,stop,19942,6484,,wam-desktop
gen-1772121108-S0Rb7mwONOU7dsDy03aT,2026-02-26 15:51:48.119,0.001336,,,0,0,19657,3999,0,0,cohere/command-r7b-12-2024,Cohere,standard,false,true,,length,length,40868,1554,,wam-desktop
gen-1772121108-vbnbhIDvfo2Acgf6jY5Y,2026-02-26 15:51:48.082,0.000503,,,0,0,3676,677,0,0,bytedance/ui-tars-1.5-7b,Parasail,standard,false,true,,stop,stop,12103,506,,wam-desktop
gen-1772121108-7Ip2GrYI0y18gVERfTqx,2026-02-26 15:51:48.082,0.000722,,,0,0,5058,4000,0,0,google/gemma-3-12b-it,DeepInfra,standard,false,true,,length,length,112505,965,,wam-desktop
gen-1772119206-zJYnkjC8myxp2VOYQN8Y,2026-02-26 15:20:06.215,0.000535,,,0,0,7848,1217,677,0,arcee-ai/trinity-mini-20251201,Clarifai,standard,false,true,,stop,stop,6151,644,,wam-desktop
gen-1772119189-8I5Sf1OyAnggcZPR97Kl,2026-02-26 15:19:48.951,0.000984,,,0,0,4784,136,0,0,allenai/molmo-2-8b-20260109,Parasail,standard,false,true,,stop,stop,1589,580,,wam-desktop
gen-1772119189-uwyuuUl1gfnpX6d8LXcb,2026-02-26 15:19:48.950,0.00014,,,0,0,2597,518,0,0,liquid/lfm-2-24b-a2b-20260224,Together,standard,false,true,,stop,stop,2863,622,,wam-desktop
gen-1772119188-ZC5RckrLGOXPQyK2IW6u,2026-02-26 15:19:48.916,0.000118,,,0,0,5557,175,0,0,mistralai/mistral-nemo,DeepInfra,standard,false,true,,stop,stop,3428,463,,wam-desktop
gen-1772118911-66FwlfRiBoZ5PGMXcaJG,2026-02-26 15:15:11.495,0.00018,,,0,0,2616,757,0,0,qwen/qwen-2.5-7b-instruct,AtlasCloud,standard,false,true,,stop,stop,16537,1112,,wam-desktop
gen-1772117286-MZLI3tsTmp5rEYdhl9Jb,2026-02-26 14:48:06.555,0.003155,,,0,0,7703,4000,4508,5,allenai/olmo-3.1-32b-think-20251215,Parasail,standard,false,true,,length,length,52591,1187,,wam-desktop
gen-1772117207-xyLssn6PuzLH0rSc5TvO,2026-02-26 14:46:47.886,0.000207,,,0,0,5021,139,0,0,sao10k/l3-lunaris-8b,DeepInfra,standard,false,true,,stop,stop,1811,311,,wam-desktop
gen-1772117208-RYJEQtji8sdeEDNK9ilX,2026-02-26 14:46:47.885,0.000579,,,0,0,5026,257,0,0,xiaomi/mimo-v2-flash-20251210,AtlasCloud,standard,false,true,,stop,stop,64314,591,,wam-desktop
gen-1772117207-hVia7GYQRbp8389qqeqV,2026-02-26 14:46:47.884,0.001733,,-0.000001,0,0,3795,1192,873,5,x-ai/grok-3-mini,xAI,standard,false,true,,completed,stop,17051,663,,wam-desktop
gen-1772116527-7edbz9SBDs5b6qriLvZt,2026-02-26 14:35:27.863,0.076861,,,0,0,13881,5951,4023,0,google/gemini-2.5-pro,Google AI Studio,standard,false,true,,STOP,stop,59228,3966,AI Honesty Adversarial Judge,wam-desktop
gen-1772116527-kDz3pTHWVFmDnk5nlRqc,2026-02-26 14:35:27.861,0.070107,,,0,0,13958,5266,3471,0,google/gemini-2.5-pro,Google AI Studio,standard,false,true,,STOP,stop,54744,3285,AI Honesty Adversarial Judge,wam-desktop
gen-1772116527-SSXwZZLfoGl3I5KhdH6l,2026-02-26 14:35:27.857,0.075085,,,0,0,13908,5770,3652,0,google/gemini-2.5-pro,Google AI Studio,standard,false,true,,STOP,stop,55115,3504,AI Honesty Adversarial Judge,wam-desktop
gen-1772116418-cbSNqpZT3i1a02A8IPeW,2026-02-26 14:33:38.029,0.047406,,,0,0,653,4659,3988,0,google/gemini-2.5-pro,Google AI Studio,standard,false,true,,STOP,stop,35568,2388,AI Honesty Adversarial Judge,wam-desktop
gen-1772116409-mq1PGmyN8oGSQJzff3uB,2026-02-26 14:33:29.769,0.083102,,,0,0,1290,8149,6456,0,google/gemini-2.5-pro,Google AI Studio,standard,false,true,,MAX_TOKENS,length,62676,3192,AI Honesty Adversarial Judge,wam-desktop
gen-1772116398-xiaxYccZh35QUV9crX9b,2026-02-26 14:33:18.831,0.083586,,,,0,1365,8188,7860,0,google/gemini-2.5-pro,Google,standard,false,true,,MAX_TOKENS,length,128596,5785,AI Honesty Adversarial Judge,wam-desktop
gen-1772116343-l1Vp4K13lgM9BoXr1jlt,2026-02-26 14:32:23.157,0.083558,,,0,0,1631,8152,6746,0,google/gemini-2.5-pro,Google AI Studio,standard,false,true,,MAX_TOKENS,length,62594,3226,AI Honesty Adversarial Judge,wam-desktop
gen-1772116331-hu5L6POBQ9CfHeHmRO3G,2026-02-26 14:32:11.675,0.085602,,,,0,2978,8188,7862,0,google/gemini-2.5-pro,Google,standard,false,true,,MAX_TOKENS,length,66950,2585,AI Honesty Adversarial Judge,wam-desktop
gen-1772116266-zFC896VDnFtFHxBPcPHs,2026-02-26 14:31:06.367,0.082341,,-0.003874,0,0,3965,8126,8126,3444,google/gemini-2.5-pro,Google AI Studio,standard,false,true,,MAX_TOKENS,length,151819,2669,AI Honesty Adversarial Judge,wam-desktop
gen-1772116266-br5TyfFtStcj4aupt4zI,2026-02-26 14:31:06.365,0.084841,,,,0,2369,8188,7862,0,google/gemini-2.5-pro,Google,standard,false,true,,MAX_TOKENS,length,64758,2592,AI Honesty Adversarial Judge,wam-desktop
gen-1772116266-iSTmWycrevJs2ufBd7Lr,2026-02-26 14:31:06.360,0,,,,0,0,0,554,0,google/gemini-2.5-pro,Google,standard,false,true,,,,139876,2178,AI Honesty Adversarial Judge,wam-desktop
gen-1772116266-jYlOw8gH5YMpjcF9MGdM,2026-02-26 14:31:06.359,0.083926,,,0,0,1893,8156,5974,0,google/gemini-2.5-pro,Google AI Studio,standard,false,true,,MAX_TOKENS,length,76648,2391,AI Honesty Adversarial Judge,wam-desktop
gen-1772116168-1JiQw7P7TjQ0QSCi9Gsc,2026-02-26 14:29:27.936,0.091372,,,,0,13274,7478,5890,0,google/gemini-2.5-pro,Google,standard,false,true,,STOP,stop,97950,3767,AI Honesty Adversarial Judge,wam-desktop
gen-1772116006-iN0pfvuyqlyFfMfADE8Y,2026-02-26 14:26:46.592,0.091276,,,,0,25197,5978,4359,0,google/gemini-2.5-pro,Google,standard,false,true,,STOP,stop,160758,12352,AI Honesty Adversarial Judge,wam-desktop
gen-1772115800-TbHz2k5JYgwsBFYAG5Ya,2026-02-26 14:23:20.908,0.084297,,,,0,23870,5446,4210,0,google/gemini-2.5-pro,Google,standard,false,true,,STOP,stop,68689,4016,AI Honesty Adversarial Judge,wam-desktop
gen-1772115750-T0aT8xxf52U3SrIXvLd4,2026-02-26 14:22:30.224,0.077711,,,,0,22161,5001,3729,0,google/gemini-2.5-pro,Google,standard,false,true,,STOP,stop,69448,3823,AI Honesty Adversarial Judge,wam-desktop
gen-1772115719-K6MhddvV1adzMYzegSGM,2026-02-26 14:21:59.380,0.064011,,,,0,22473,3592,2742,0,google/gemini-2.5-pro,Google,standard,false,true,,STOP,stop,30679,4017,AI Honesty Adversarial Judge,wam-desktop
gen-1772115696-IAIcZvYOiYOmAIT1jT5x,2026-02-26 14:21:36.507,0.044617,,,0,0,21598,1762,1419,0,google/gemini-2.5-pro,Google AI Studio,standard,false,true,,STOP,stop,17385,3265,AI Honesty Adversarial Judge,wam-desktop
gen-1772115684-SkHDWbGu4cDHFZcyvuyL,2026-02-26 14:21:24.635,0.076152,,,,0,22994,4741,3235,0,google/gemini-2.5-pro,Google,standard,false,true,,STOP,stop,116050,7920,AI Honesty Adversarial Judge,wam-desktop
gen-1772115648-bymrsDK96O9rngT3HnJ8,2026-02-26 14:20:48.360,0.069652,,,,0,23122,4075,2545,0,google/gemini-2.5-pro,Google,standard,false,true,,STOP,stop,36045,2743,AI Honesty Adversarial Judge,wam-desktop
gen-1772115646-k2IUQnAO1CIiHhTZBMLy,2026-02-26 14:20:46.821,0.07303,,,,0,22872,4444,3184,0,google/gemini-2.5-pro,Google,standard,false,true,,STOP,stop,49532,2941,AI Honesty Adversarial Judge,wam-desktop
gen-1772115609-tVHKOQzaoQkqJJurb6Ga,2026-02-26 14:20:09.750,0.076685,,,0,0,26108,4405,3254,0,google/gemini-2.5-pro,Google AI Studio,standard,false,true,,STOP,stop,37876,2840,AI Honesty Adversarial Judge,wam-desktop
gen-1772115606-PqwoERwd88pJdbgKx5Bd,2026-02-26 14:20:05.984,0.080938,,,0,0,25743,4876,3629,0,google/gemini-2.5-pro,Google AI Studio,standard,false,true,,STOP,stop,39891,2795,AI Honesty Adversarial Judge,wam-desktop
gen-1772115565-BaPhKh8Ql7qZdNhLzohf,2026-02-26 14:19:25.320,0.077728,,,,0,22647,4942,3583,0,google/gemini-2.5-pro,Google,standard,false,true,,STOP,stop,40531,3232,AI Honesty Adversarial Judge,wam-desktop
gen-1772115534-JYKIMGPt5kGbLt0bkvYY,2026-02-26 14:18:54.802,0.100548,,,,0,27823,6577,5370,0,google/gemini-2.5-pro,Google,standard,false,true,,STOP,stop,74726,3103,AI Honesty Adversarial Judge,wam-desktop
gen-1772115484-fcZIoasingxRJ4oHHQx9,2026-02-26 14:18:04.522,0.091121,,,0,0,23433,6183,4701,0,google/gemini-2.5-pro,Google AI Studio,standard,false,true,,STOP,stop,50194,2874,AI Honesty Adversarial Judge,wam-desktop
gen-1772115456-e18U9Tz2Ww5kJ9wlZHZc,2026-02-26 14:17:36.390,0.084251,,,,0,25785,5202,3957,0,google/gemini-2.5-pro,Google,standard,false,true,,STOP,stop,108782,3877,AI Honesty Adversarial Judge,wam-desktop
gen-1772115450-iKjGIbK3uKkjBHWSNGmR,2026-02-26 14:17:30.156,0.069855,,,0,0,22988,4112,2747,0,google/gemini-2.5-pro,Google AI Studio,standard,false,true,,STOP,stop,34218,2898,AI Honesty Adversarial Judge,wam-desktop
gen-1772115430-OXdDywt6nlHI9fiJbkph,2026-02-26 14:17:10.860,0.000766,,,0,0,3827,5,0,0,meta-llama/llama-guard-2-8b,Together,standard,false,true,,stop,stop,884,832,,wam-desktop
gen-1772115413-MWooezi6e3x2iSeL6Bod,2026-02-26 14:16:52.946,0.077661,,,0,0,26001,4516,3287,0,google/gemini-2.5-pro,Google AI Studio,standard,false,true,,STOP,stop,36549,2621,AI Honesty Adversarial Judge,wam-desktop
gen-1772115412-DRVLiqa0zuIodU0LyxVL,2026-02-26 14:16:52.842,0.082661,,,0,0,25553,5072,3381,0,google/gemini-2.5-pro,Google AI Studio,standard,false,true,,STOP,stop,42572,3538,AI Honesty Adversarial Judge,wam-desktop
gen-1772115343-h2P73Ur6P7FK3zwPA5WE,2026-02-26 14:15:43.070,0.000194,,,0,0,4361,196,0,0,qwen/qwen-2.5-7b-instruct,AtlasCloud,standard,false,true,,stop,stop,5816,1668,,wam-desktop
gen-1772115342-IrYG3ZbzcKnsInoCqIoy,2026-02-26 14:15:42.761,0.00015,,,0,0,7131,131,0,0,meta-llama/llama-3.1-8b-instruct,Nebius,standard,false,true,,stop,stop,7427,1624,,wam-desktop
gen-1772115342-NK8G4w6ySOEp2h5FZNCf,2026-02-26 14:15:42.759,0.000033,,,0,0,1059,200,0,0,meta-llama/llama-3.1-8b-instruct,Nebius,standard,false,true,,stop,stop,10203,775,,wam-desktop
gen-1772115341-1HSi3aQ9HsKvuSTawsNG,2026-02-26 14:15:41.309,0.086775,,,,0,25668,5469,3557,0,google/gemini-2.5-pro,Google,standard,false,true,,STOP,stop,71482,23952,AI Honesty Adversarial Judge,wam-desktop
gen-1772115326-3eoKSKz9UhhsvDWy2oiJ,2026-02-26 14:15:26.550,0.085508,,,0,0,24815,5449,4002,0,google/gemini-2.5-pro,Google AI Studio,standard,false,true,,STOP,stop,45781,3134,AI Honesty Adversarial Judge,wam-desktop
gen-1772115277-7fxryQ9leaC0o8EIQE9X,2026-02-26 14:14:37.209,0.096293,,,,0,25891,6393,4474,0,google/gemini-2.5-pro,Google,standard,false,true,,STOP,stop,63993,3230,AI Honesty Adversarial Judge,wam-desktop
gen-1772115275-QyKmjB7Z1TYZDKlqPvyJ,2026-02-26 14:14:35.024,0.081757,,,,0,25750,4957,3550,0,google/gemini-2.5-pro,Google,standard,false,true,,STOP,stop,51297,6260,AI Honesty Adversarial Judge,wam-desktop
gen-1772115240-aSorkdj65GVfvFRVNoMz,2026-02-26 14:13:59.999,0.070286,,,,0,22829,4175,3029,0,google/gemini-2.5-pro,Google,standard,false,true,,STOP,stop,37061,3861,AI Honesty Adversarial Judge,wam-desktop
gen-1772115212-2iBDb5hqD3YvaHqyee9m,2026-02-26 14:13:32.337,0.103832,,,,0,26234,7104,5240,0,google/gemini-2.5-pro,Google,standard,false,true,,STOP,stop,62532,3339,AI Honesty Adversarial Judge,wam-desktop
gen-1772115197-EFMN9OSjc0IiVaFTaXII,2026-02-26 14:13:17.768,0.074572,,,0,0,24482,4397,2785,0,google/gemini-2.5-pro,Google AI Studio,standard,false,true,,STOP,stop,41455,4074,AI Honesty Adversarial Judge,wam-desktop
gen-1772115166-OKCRnpAvQW9ozPy44eXo,2026-02-26 14:12:46.444,0,,,,0,0,0,99,0,google/gemini-2.5-pro,Google,standard,false,true,,,,163196,38192,AI Honesty Adversarial Judge,wam-desktop
gen-1772115150-VDWj1oEcrD8GMDRSkzfL,2026-02-26 14:12:30.452,0.08128,,,,0,24408,5077,3382,0,google/gemini-2.5-pro,Google,standard,false,true,,STOP,stop,47101,4483,AI Honesty Adversarial Judge,wam-desktop
gen-1772115144-D676DbklUpySVUP94AGu,2026-02-26 14:12:24.972,0.082892,,,,0,23914,5300,3652,0,google/gemini-2.5-pro,Google,standard,false,true,,STOP,stop,67209,4552,AI Honesty Adversarial Judge,wam-desktop
gen-1772115113-fMXUtE4toSHAK9fctQEK,2026-02-26 14:11:53.213,0.092637,,,,0,24198,6239,4422,0,google/gemini-2.5-pro,Google,standard,false,true,,STOP,stop,53099,3498,AI Honesty Adversarial Judge,wam-desktop
gen-1772115093-IPQ4QTj8kBf84woS64Ff,2026-02-26 14:11:33.156,0.095986,,,,0,25989,6350,4623,0,google/gemini-2.5-pro,Google,standard,false,true,,STOP,stop,57166,5465,AI Honesty Adversarial Judge,wam-desktop
gen-1772115088-WuAIjB8hWC3tff7px0hg,2026-02-26 14:11:28.050,0.089205,,,,0,22692,6084,4787,0,google/gemini-2.5-pro,Google,standard,false,true,,STOP,stop,56787,5601,AI Honesty Adversarial Judge,wam-desktop
gen-1772115074-CvVCqzxIivSpQXPsiz4q,2026-02-26 14:11:14.369,0.069345,,,,0,22996,4060,2578,0,google/gemini-2.5-pro,Google,standard,false,true,,STOP,stop,38704,3080,AI Honesty Adversarial Judge,wam-desktop
gen-1772115074-OBJqAsr4uVb3HPGt1gpi,2026-02-26 14:11:13.920,0.05177,,,0,0,172923,4270,2065,0,qwen/qwen3.5-35b-a3b-20260224,Alibaba,standard,false,true,,stop,stop,61369,29570,,wam-desktop
gen-1772115046-yKE5f8lJYvD8rZ0AtZVg,2026-02-26 14:10:46.762,0.083087,,,0,0,22854,5452,3659,0,google/gemini-2.5-pro,Google AI Studio,standard,false,true,,STOP,stop,45701,3491,AI Honesty Adversarial Judge,wam-desktop
gen-1772114991-e7mA01s2UxU0GhSyBJaO,2026-02-26 14:09:51.638,0.093412,,,0,0,25810,6115,4839,0,google/gemini-2.5-pro,Google AI Studio,standard,false,true,,STOP,stop,55116,3689,AI Honesty Adversarial Judge,wam-desktop
gen-1772114965-kYMT7D18PhM1H263BHoo,2026-02-26 14:09:25.065,0.090216,,,,0,26101,5759,4200,0,google/gemini-2.5-pro,Google,standard,false,true,,STOP,stop,108624,15319,AI Honesty Adversarial Judge,wam-desktop
gen-1772114942-uM305Zj5lEuWiq9XheuL,2026-02-26 14:09:02.909,0.090092,,,,0,26482,5699,4251,0,google/gemini-2.5-pro,Google,standard,false,true,,STOP,stop,48556,2718,AI Honesty Adversarial Judge,wam-desktop
gen-1772114913-h1XkjCBb1cx299Xz4GNe,2026-02-26 14:08:33.843,0.090668,,,0,0,24511,6003,4817,0,google/gemini-2.5-pro,Google AI Studio,standard,false,true,,STOP,stop,50334,3767,AI Honesty Adversarial Judge,wam-desktop
gen-1772114881-6SWiHrzqkI7okFGB4vLO,2026-02-26 14:08:01.223,0.096816,,,,0,26069,6423,4584,0,google/gemini-2.5-pro,Google,standard,false,true,,STOP,stop,61472,2969,AI Honesty Adversarial Judge,wam-desktop
gen-1772114829-TnOd1NOfRvfY7c0THO1U,2026-02-26 14:07:09.269,0.103888,,,,0,26455,7082,5146,0,google/gemini-2.5-pro,Google,standard,false,true,,STOP,stop,217264,22768,AI Honesty Adversarial Judge,wam-desktop
gen-1772114757-97gPlFeN8sATcZ3RVHhT,2026-02-26 14:05:57.513,0.090277,,,,0,24774,5931,4364,0,google/gemini-2.5-pro,Google,standard,false,true,,STOP,stop,156182,13822,AI Honesty Adversarial Judge,wam-desktop
gen-1772114757-jd1eUaTyrDKxXXYjj1dK,2026-02-26 14:05:57.511,0.074898,,,,0,22863,4632,3139,0,google/gemini-2.5-pro,Google,standard,false,true,,STOP,stop,71613,3735,AI Honesty Adversarial Judge,wam-desktop
gen-1772114757-qCKFG0mBJugMLWwIChtb,2026-02-26 14:05:57.506,0.092716,,,,0,25493,6085,4631,0,google/gemini-2.5-pro,Google,standard,false,true,,STOP,stop,123557,8806,AI Honesty Adversarial Judge,wam-desktop
gen-1772114713-zeoP82ZPiy4t1St6iPwZ,2026-02-26 14:05:13.025,0.029218,,-0.051431,0,0,48456,2008,2008,45717,google/gemini-2.5-pro,Google AI Studio,standard,false,true,,MAX_TOKENS,length,43673,3290,AI Honesty Adversarial Judge,wam-desktop
gen-1772114713-OqWEhE7lZIz4FSYYMlkE,2026-02-26 14:05:13.024,0.081002,,,,0,48450,2044,1964,0,google/gemini-2.5-pro,Google,standard,false,true,,MAX_TOKENS,length,18608,3549,AI Honesty Adversarial Judge,wam-desktop
gen-1772114622-IHNYO3Fee2fd7yHGLxB0,2026-02-26 14:03:42.600,0.141495,,,,0,21772,11428,3347,0,google/gemini-2.5-pro,Google,standard,false,true,,STOP,stop,83115,2803,AI Honesty Adversarial Judge,wam-desktop
gen-1772114537-51vSieyt2DSMWD285mf0,2026-02-26 14:02:17.834,0.077508,,,0,0,18719,5411,2645,0,google/gemini-2.5-pro,Google AI Studio,standard,false,true,,STOP,stop,53139,2751,AI Honesty Adversarial Judge,wam-desktop
gen-1772114477-sZCYy6ltJ0gigkZOyKHC,2026-02-26 14:01:17.427,0.004732,,,0,0,18143,924,0,0,deepseek/deepseek-chat-v3-0324,AtlasCloud,standard,false,true,,stop,stop,55839,1726,AI Honesty Adversarial Judge,wam-desktop
gen-1772114467-1uhIek34ervV7aecYW5F,2026-02-26 14:01:07.339,0.002226,,,0,0,18801,866,0,0,google/gemini-2.0-flash-001,Google AI Studio,standard,false,true,,STOP,stop,7717,847,AI Honesty Adversarial Judge,wam-desktop
gen-1772114439-6DyAwjSLYqDNisEshdc7,2026-02-26 14:00:39.719,0.047332,,,0,0,21296,790,0,0,mistralai/mistral-large-2411,Mistral,standard,false,true,,stop,stop,25290,2647,AI Honesty Adversarial Judge,wam-desktop
gen-1772114408-5xHcgntqKa9gDjOXLL1S,2026-02-26 14:00:07.960,0.05863,,,0,0,19492,990,0,0,cohere/command-r-plus-08-2024,Cohere,standard,false,true,,stop,stop,28965,5498,AI Honesty Adversarial Judge,wam-desktop
gen-1772113543-n8cbIJykfEDXuJH5vhHA,2026-02-26 13:45:43.454,0.001459,,,0,0,4985,277,0,0,deepseek/deepseek-v3.2-exp,SiliconFlow,standard,false,true,,stop,stop,20019,7182,,wam-desktop
gen-1772113543-Q2B0A3TygilnDthPUHmE,2026-02-26 13:45:43.447,0.00018,,,0,0,5020,4000,0,0,meta-llama/llama-3.2-3b-instruct,DeepInfra,standard,false,true,,length,length,63201,620,,wam-desktop
gen-1772113543-0vinv5WEjLi0V93MIrYH,2026-02-26 13:45:43.446,0.00301,,,0,0,7339,188,0,0,thedrummer/unslopnemo-12b,NextBit,standard,false,true,,stop,stop,4749,2722,,wam-desktop
gen-1772113330-CmPZzDfWorGCMvPueUcP,2026-02-26 13:42:10.814,0.000747,,,0,0,4193,789,0,0,essentialai/rnj-1-instruct,Together,standard,false,true,,stop,stop,6686,523,,wam-desktop
gen-1772111593-5SIVphofRDesFH5lP5kA,2026-02-26 13:13:13.860,0.002699,,,0,0,6335,666,0,0,minimax/minimax-m2-her-20260123,Minimax,standard,false,true,,stop,stop,7516,2110,,wam-desktop
gen-1772111556-6QCJ6EJE16cYPmhjE4Fj,2026-02-26 13:12:36.868,0.000119,,,0,0,5801,83,0,0,google/gemma-3n-e4b-it,Together,standard,false,true,,stop,stop,2784,1093,,wam-desktop
gen-1772111556-3vsJviVQtMW511oODq67,2026-02-26 13:12:36.866,0.000067,,,0,0,1138,277,0,0,google/gemma-3-4b-it,DeepInfra,standard,false,true,,stop,stop,7545,354,,wam-desktop
gen-1772111556-b22WnoeUONm0QIuRjwO5,2026-02-26 13:12:36.845,0.000164,,,0,0,3949,139,0,0,sao10k/l3-lunaris-8b,DeepInfra,standard,false,true,,stop,stop,1666,171,,wam-desktop
gen-1772109781-v0rAgLk1CkIdcBlBiJb4,2026-02-26 12:43:01.176,0.000893,,,0,0,11517,2084,920,0,openai/gpt-oss-20b,Clarifai,standard,false,true,,stop,stop,6640,561,,wam-desktop
gen-1772109705-viztDTQ8Udc6vlyKSpMU,2026-02-26 12:41:45.350,0.004212,,-0.000001,0,0,4352,4000,0,5,kwaipilot/kat-coder-pro-v1,Novita,standard,false,true,,length,length,74663,851,,wam-desktop
gen-1772109705-9LtroCgzb0xODSmZl8MO,2026-02-26 12:41:45.298,0.000054,,,0,0,4899,273,0,0,liquid/lfm-2.2-6b,Liquid,standard,false,true,,stop,stop,2005,652,,wam-desktop
gen-1772109705-lRsLRpv6sisr7gt4Idf2,2026-02-26 12:41:45.189,0.000207,,,0,0,5021,155,0,0,meta-llama/llama-3-8b-instruct,Novita,standard,false,true,,stop,stop,2463,840,,wam-desktop
gen-1772109493-8uybx6gk53EkUEiZgTDt,2026-02-26 12:38:13.641,0.001233,,,0,0,16327,1056,0,0,amazon/nova-lite-v1,Amazon Bedrock,standard,false,true,,stop,stop,11495,1403,,wam-desktop
gen-1772109432-wFGhKGgHJBId3AcpqG5j,2026-02-26 12:37:12.838,0.000166,,,0,0,4724,618,0,0,meta-llama/llama-3-8b-instruct,DeepInfra,standard,false,true,,stop,stop,13992,690,,wam-desktop
gen-1772107805-WchCNVVdB5z0rHOxmbF6,2026-02-26 12:10:05.175,0.000126,,,0,0,10999,803,0,0,liquid/lfm2-8b-a1b,Liquid,standard,false,true,,stop,stop,24905,16242,,wam-desktop
gen-1772107785-TKgCnS7Gw1LRIjEtiJlv,2026-02-26 12:09:45.136,0.000035,,,0,0,1209,288,0,0,mistralai/mistral-nemo,DeepInfra,standard,false,true,,stop,stop,11138,149,,wam-desktop
gen-1772107785-FWflEywpuxEEWLzhvA52,2026-02-26 12:09:44.969,0.00007,,,0,0,3455,19,0,0,meta-llama/llama-guard-3-8b,Nebius,standard,false,true,,stop,stop,1342,928,,wam-desktop
gen-1772107785-88w8Pc3G6rROSVs4qdAA,2026-02-26 12:09:44.962,0.000021,,,0,0,1617,291,0,0,liquid/lfm-2.2-6b,Liquid,standard,false,true,,stop,stop,1885,352,,wam-desktop
gen-1772107511-rDO7Tsr1c18HzlaApN7x,2026-02-26 12:05:11.833,0.000157,,,0,0,13960,878,0,0,liquid/lfm-2.2-6b,Liquid,standard,false,true,,stop,stop,5664,909,,wam-desktop
gen-1772107151-hkjOuNwBwh9K7wnr3iv3,2026-02-26 11:59:11.631,0,,,0,0,81772,0,0,0,meta-llama/llama-3.2-3b-instruct,Cloudflare,standard,false,true,,,,2658454,1416,,wam-desktop
gen-1772105523-cFAcuZlrCJ8tWaRLrorV,2026-02-26 11:32:03.436,0.000135,,,0,0,3998,379,0,0,meta-llama/llama-3-8b-instruct,DeepInfra,standard,false,true,,stop,stop,8891,663,,wam-desktop
gen-1772105504-bUoLWsDohVCtLCSIwdL2,2026-02-26 11:31:44.644,0.000777,,,0,0,2483,875,0,0,qwen/qwen3-vl-30b-a3b-instruct,Alibaba,standard,false,true,,stop,stop,8831,576,,wam-desktop
gen-1772105504-M11EisBF07WV8nAnneAJ,2026-02-26 11:31:44.523,0.000758,,,0,0,4807,251,0,0,mistralai/ministral-8b-2512,Mistral,standard,false,true,,stop,stop,3355,427,,wam-desktop
gen-1772105504-UckLY1rSVx1kf5CFp960,2026-02-26 11:31:44.512,0.000288,,,0,0,4647,154,0,0,meta-llama/llama-3.2-3b-instruct,Together,standard,false,true,,stop,stop,8355,7099,,wam-desktop
gen-1772103663-HfIHjcOBgFdlo7iBdSd7,2026-02-26 11:01:03.757,0.000194,,,0,0,4130,586,0,0,sao10k/l3-lunaris-8b,DeepInfra,standard,false,true,,stop,stop,6498,261,,wam-desktop
gen-1772103645-kfzAgtYtmwwP0cxgphnu,2026-02-26 11:00:45.005,0.000293,,,0,0,4388,588,398,0,openai/gpt-oss-120b,Novita,exacto,false,true,,stop,stop,10012,394,,wam-desktop
gen-1772103645-vYYHJWRaUT8dAjhATZJN,2026-02-26 11:00:45.004,0.000508,,,0,0,4806,275,0,0,mistralai/ministral-3b-2512,Mistral,standard,false,true,,stop,stop,1167,297,,wam-desktop
gen-1772103645-f9IUTrNhgJ9Il0wQ8OEg,2026-02-26 11:00:45.000,0.000421,,,0,0,1245,442,0,0,baidu/ernie-4.5-vl-28b-a3b,Novita,standard,false,true,,stop,stop,7157,951,,wam-desktop
gen-1772103432-aDme68Ur4DuuWgbOaOKE,2026-02-26 10:57:12.442,0.000244,,,0,0,5192,727,0,0,sao10k/l3-lunaris-8b,DeepInfra,standard,false,true,,stop,stop,7594,214,,wam-desktop
gen-1772101837-7lYK61723mhLNZ3aneZr,2026-02-26 10:30:36.986,0.000141,,,0,0,5027,505,0,0,ibm-granite/granite-4.0-h-micro,Cloudflare,standard,false,true,,stop,stop,16722,1458,,wam-desktop
gen-1772101837-RrupPra9HntCfAzFR7yW,2026-02-26 10:30:36.942,0.000526,,,0,0,4793,156,0,0,mistralai/devstral-small-2507,Mistral,standard,false,true,,stop,stop,1350,434,,wam-desktop
gen-1772101837-RQvRcgLuBVLkdNPMy283,2026-02-26 10:30:36.932,0.000125,,,0,0,4315,472,0,0,ibm-granite/granite-4.0-h-micro,Cloudflare,standard,false,true,,stop,stop,15975,1506,,wam-desktop
gen-1772101627-oGA1zsrNlyaKwWKZsf2f,2026-02-26 10:27:07.436,0.002839,,,0,0,11251,4285,2712,0,qwen/qwen3.5-flash-20260224,Alibaba,standard,false,true,,stop,stop,36787,1522,,wam-desktop
gen-1772101511-WEOFx7h5oACV0dNqbGiL,2026-02-26 10:25:10.985,0.012512,,,0,0,172388,1591,0,0,qwen/qwen3-coder-30b-a3b-instruct,SiliconFlow,standard,false,true,,stop,stop,89985,37951,,wam-desktop
gen-1772099886-2EvviDRmqWLy0kIJ1TSC,2026-02-26 09:58:06.243,0.000241,,,0,0,7875,977,0,0,ibm-granite/granite-4.0-h-micro,Cloudflare,standard,false,true,,stop,stop,31806,1622,,wam-desktop
gen-1772099864-YFzcqzJM0LzsmTk00Dr1,2026-02-26 09:57:44.270,0.000166,,,0,0,1066,330,235,0,qwen/qwen3-30b-a3b-thinking-2507,Cloudflare,standard,false,true,,stop,stop,6438,710,,wam-desktop
gen-1772099864-bsQCO2pTakQJPyZPjFAO,2026-02-26 09:57:44.249,0.000213,,,0,0,3091,489,306,0,openai/gpt-oss-120b,DeepInfra,exacto,false,true,,stop,stop,5751,641,,wam-desktop
gen-1772099864-wqoXAaurz9gamQfStPBV,2026-02-26 09:57:44.227,0.000054,,,0,0,4891,303,0,0,liquid/lfm-2.2-6b,Liquid,standard,false,true,,stop,stop,2168,570,,wam-desktop